AR,SETAR,LSTAR,TRUE_RETORNO,ACF,BDS,BDS_3,BDS_4,BDS_5
-0.04584105821628805,-0.44632342049168305,-0.01818074339240067,4.698373002227389,0,1,1,1,1
-0.01144311550560093,0.207753032801955,-0.3844635504805176,2.13286379316921,0,1,1,1,1
-0.00820334296346335,0.16589118554135523,0.01864740510593522,2.0216321906255494,0,1,1,1,1
0.03023346394214775,0.00133761948890348,0.06760806300682498,-1.9535818320441103,0,1,1,1,1
0.02000692736450307,0.00216846184636418,0.05361103569622252,-0.8196767195047553,0,1,1,1,1
-0.01242198469880715,-0.2679733735937827,0.01805778446366331,2.3721884956502044,0,1,1,1,1
0.01062061458773882,0.10890278509679528,0.03834167222397045,0.5344034064240799,0,1,1,1,1
0.02990419718984576,0.0010662866846025,0.07239563656400327,-1.3414017326683438,0,1,1,1,1
0.01107720927252766,-0.0919166097057066,-0.10010508285448068,0,0,1,1,1,1
0.01361471552211334,-0.1976476333411916,0.04341352544639194,0.06749915752551644,0,1,1,1,1
0.01234693162522248,-0.214466047041762,-0.0068655594862153,0.26954194430981765,0,1,1,1,1
0.03486071461041726,-0.01603526849659403,0.00358924764398169,-1.696681356982188,0,1,1,1,1
-0.01163883273807198,-0.1859635965807726,-0.18507552045135375,2.099636905131191,0,1,1,1,1
0.01449129526786346,0.08242438675081276,0.08900564679948464,-0.13413818713467607,0,1,1,1,1
0.03840716799870822,-0.07176950576694303,-0.0933632306951272,-2.308317018277326,0,1,1,1,1
0.01366280512518645,-0.00104244028070771,-0.00796850966226747,-0.3439975881243402,0,1,1,1,1
0.07044941333744663,0.05286600274173816,0.0244366092897401,-3.9358558638067898,0,1,1,1,1
0.05354120815432432,0.23310874810371943,0.22283088406248705,-2.4079966841747806,0,1,1,1,1
0.01304422175294332,-0.02222522558609174,-0.02725938946437961,0.07382798778166992,0,1,1,1,1
0.00541027856723493,-0.26003532029548165,-0.26725319323287383,0.8085306816350089,0,1,1,1,1
0.02421880626992032,0.05673376742755397,0.070006426438984,-0.7347571673346853,0,1,1,1,1
0.04008054066482078,-0.05764387435353158,-0.07592377072160453,-1.7107148276898902,0,1,1,1,1
0.02570176383498307,-0.03375169897863056,-0.0450701227228181,-0.8286299766463657,0,1,1,1,1
0.01359832002029198,-0.14712211259656574,-0.15787583202648903,0,0,1,1,1,1
-0.02437248109392996,-0.3617502305108081,-0.3635439602750988,2.760339372302602,0,1,1,1,1
-0.00169080108565592,0.14845842369808582,0.14770052817234064,0.9520394126976116,0,1,1,1,1
-0.0177256038744487,0.13851178416815138,0.13802667774530236,1.9488166399756133,0,1,1,1,1
-5.590340170025989e-4,0.13246920706868612,0.13421893206777802,0.9249443380099596,0,1,1,1,1
-0.03190142773133507,0.18072082987196725,0.1746857154871041,3.0685810701551097,0,1,1,1,1
0.02504523721639265,0.11391826390285348,0.12052973675341404,-0.6891826003520876,0,1,1,1,1
-0.00856865070953058,-0.2521511529827552,-0.2571283133804013,1.5099806454325029,0,1,1,1,1
-0.00236401108672385,0.13562945509023014,0.13753615726452406,1.151384204141334,0,1,1,1,1
0.00123395859161702,0.12039604619098862,0.12440557366029116,0.9383446891341074,0,1,1,1,1
0.02881523354938323,0.05446768262679818,0.06798615381896908,-0.8710272817419696,0,1,1,1,1
0.02709678903208955,-0.10913445729375933,-0.12163876430198214,-0.5398123815527278,0,1,1,1,1
-0.02191379673855252,-0.3317826609029789,-0.3315163373516352,2.802051233698665,0,1,1,1,1
0.02273724351235389,0.13236746911910835,0.1367173807308798,-0.13166558781879503,0,1,1,1,1
0.07494545994934061,0.00783765300864971,-0.01873268507707223,-3.485607547963913,0,1,1,1,1
0.06224275536648709,0.2208199152303071,0.2074490836990076,-2.7664281483317867,0,1,1,1,1
-0.00447785958008359,-0.06332420391673618,-0.06296203861780156,1.1157716815139802,0,1,1,1,1
-0.03170679003461145,0.16649999151218844,0.1607624189845564,2.871010588808903,0,1,1,1,1
0.00916025799394415,0.14690893010844158,0.14779008536383986,0.5376357082273298,0,1,1,1,1
0.00678867779791337,0.09163731682672836,0.09718191121190178,0.9339627549659554,0,1,1,1,1
-0.03515050402689694,0.2078165850865156,0.1975997438686472,3.84286946694525,0,1,1,1,1
0.07044917559225905,0.05814719083971675,0.07479676981006916,-3.1810536788339174,0,1,1,1,1
0.00225892849432277,-0.01914344360073377,-0.01660631210768309,1.31063475106854,0,1,1,1,1
0.03045685476114868,0.08689846277459995,0.0957534243860536,-0.1955034861282106,0,1,1,1,1
0.0462022385356127,-0.11146007377683828,-0.12824565576831432,-1.181116094063217,0,1,1,1,1
0.05521929970237765,-0.00889544238480405,-0.02485693550608385,-1.6639318957035176,0,1,1,1,1
0.00319059137128795,-0.1453583673109737,-0.14746736819191192,1.3333530874750168,0,1,1,1,1
0.02299687713829425,0.09372995871857372,0.1011642939015705,0.06620324246827543,0,1,1,1,1
0.01217044038593803,-0.25186282380025377,-0.2603361366308857,0.7910390654223362,0,1,1,1,1
0.05340309364031805,0.03877244614691953,0.05523278247830016,-1.4550521260375804,0,1,1,1,1
-0.02134826065440283,-0.24389588523507036,-0.2408493168851185,2.759702073357271,0,1,1,1,1
0.00616669435182802,0.1695605896252611,0.16664597355817767,1.351806870939618,0,1,1,1,1
-0.0166711458031119,0.1841918521213957,0.17777601133872917,2.8366225915907517,0,1,1,1,1
0.05299576350264266,0.0960549407625856,0.10634504946604624,-1.3767426464704096,0,1,1,1,1
0.03746748215028861,-0.06225725779925163,-0.07185493569026845,-0.3787883366310636,0,1,1,1,1
0.0354053458404993,-0.14059853347029033,-0.15320453386976732,-0.380228593085462,0,1,1,1,1
0.0722887603867197,-0.01205297027817932,-0.03641331810767069,-2.572489124961399,0,1,1,1,1
0.05922877466655799,0.11587647203555364,0.10215294116752428,-1.9073251673522953,0,1,1,1,1
-0.00169238777793781,-0.15931336031862658,-0.15950374478152038,1.7769470530516818,0,1,1,1,1
0.00592362741169394,0.14483871858263858,0.1463246493182252,1.1673284316727273,0,1,1,1,1
0.01080689912784125,0.12102521795443016,0.125593520903731,0.9624713360991316,0,1,1,1,1
0.02930588294518043,0.08758719202338407,0.09851859975507982,-0.12779554391363626,0,1,1,1,1
0.02528002458435108,-0.20033066012738648,-0.213119967285519,0.3191831646365882,0,1,1,1,1
0.01360427152089754,0.10562936826900993,0.11213308274605704,1.0776649442299426,0,1,1,1,1
0.01287677698513539,0.13500897906501066,0.13816655242308257,1.2531492317260948,0,1,1,1,1
0.07580947839752944,0.02295112978327547,0.04588442219581401,-2.5860791505572647,0,1,1,1,1
0.0549046800959502,0.09272089685890005,0.07944241133832008,-1.4157250609749872,0,1,1,1,1
0.0203614212722241,-0.11584387358076371,-0.1240021167907637,0.7103678563755611,0,1,1,1,1
0.01521844520693068,0.11830134755655844,0.12489538247741085,1.2152372104549938,0,1,1,1,1
0.14072323716743848,-0.05884481775300202,-0.02181842186262009,-5.085841726277223,0,1,1,1,1
0.09722577185091032,0.48475041626565263,0.4801487101636244,-2.0953791309407324,0,1,1,1,1
0.03742973994356557,-0.00670701112963684,-0.01129006515988634,0.4089985304869153,0,1,1,1,1
0.05897217734411174,0.04891411665869428,0.06157414866257321,-0.136147059150847,0,1,1,1,1
0.10426422294534848,0.01269639047388323,-0.00542455004429944,-1.995250229886256,0,1,1,1,1
0.03830251017912173,-0.00386931922377803,-0.00863206806678468,0.34686125855363487,0,1,1,1,1
0.04097179475871054,0.08186673778404253,0.09067352556153292,0.3456622813302339,0,1,1,1,1
-0.00252468413111847,0.15295402499536837,0.1540195900353063,1.9244580170241703,0,1,1,1,1
0.08627867193616011,0.0638606176158851,0.0729892737736344,-0.8888947407445076,0,1,1,1,1
0.05372572324096715,-0.08367507656925827,-0.0887086291144378,0,0,1,1,1,1
0.0649332352844979,-0.11581145101806056,-0.1231396787689152,-0.4819286453426329,0,1,1,1,1
0.09638311452047817,0.03605908679793064,0.02638409768432982,-1.3898764323478012,0,1,1,1,1
0.04031827979435623,-0.07745892710111418,-0.08072635103405712,0.34928432314293884,0,1,1,1,1
0.07783185576064125,0.03671581733218027,0.049303450095633,-0.9106893127513106,0,1,1,1,1
0.11691010790866936,0.13646204462384404,0.12643250438848305,-1.9183536725780743,0,1,1,1,1
0.10152348525263756,0.1838487285621961,0.17687192991121023,-1.5179185607261043,0,1,1,1,1
0.07768926516842223,0.08319501616768354,0.07796581484457116,-0.9513427027452954,0,1,1,1,1
0.15582763380594597,0.30633184946579467,0.3368927089756933,-3.288786681432228,0,1,1,1,1
-0.01572591197816759,-0.11332395456186722,-0.11624672304136936,1.8072781020923256,0,1,1,1,1
0.10718295128660724,0.03293533758315375,0.03813302985149205,-1.3523872524708256,0,1,1,1,1
0.2413722876368953,0.7417677372604631,0.7242822954546613,-5.121367337830823,0,1,1,1,1
0.09458253150328212,0.5763251546124002,0.5750354030692754,-1.362746542387043,0,1,1,1,1
0.03361147779140341,-0.12326258868300308,-0.12445873186970877,0.7237667338815679,0,1,1,1,1
0.09195663536364612,-0.00139560296676575,0.0143649370889162,-1.615544023098325,0,1,1,1,1
0.13634404104462816,0.41228657692257464,0.3964675379784741,-3.8178910725787407,0,1,1,1,1
-0.01729981799268676,-0.02385789278185518,-0.01883355154793514,1.844142793021898,0,1,1,1,1
0.05017412781412345,0.06096110041584898,0.06847480956483015,-0.4995847249716385,0,1,1,1,1
0.02548391832786422,-0.185783669011611,-0.19026582958037044,0.4995847249716401,0,1,1,1,1
0.1152051429463994,-0.14063594375791377,-0.11465817701490356,-3.722934182439132,0,1,1,1,1
0.01292000435324839,0.10009187193796976,0.10186692356843569,0.7728677412723246,0,1,1,1,1
-0.00660912827139286,0.2170496953322735,0.2146686995173569,2.116033249126151,0,1,1,1,1
-0.0195217795080949,0.24502346435518452,0.2387844912796155,2.3179845772951593,0,1,1,1,1
0.0510127215394065,0.02711114896242849,0.03400779264421649,-0.9042396236345646,0,1,1,1,1
0.09169212418270556,0.2569537560134961,0.24613926817132753,-3.017831695564319,0,1,1,1,1
0.04156119087352289,0.18790307371063653,0.184576178776854,-0.9405798255121705,0,1,1,1,1
-0.01932145218023222,-0.3566126854136217,-0.3537543969833292,2.293094100343228,0,1,1,1,1
-0.05051922204975698,0.41369096860038623,0.3983020648579555,4.353870395115298,0,1,1,1,1
0.00446707130529212,0.2009822934662268,0.1935730457155056,1.5157849093992817,0,1,1,1,1
0.05569471651656089,-0.01872654540138386,-0.0086246305536235,-1.3551423027548204,0,1,1,1,1
0.01793998533512755,-0.14011634851749372,-0.14041844642573753,0.7993647685141867,0,1,1,1,1
0.05375011951299107,0.01513053625816976,0.02520585058303556,-1.0404255505864657,0,1,1,1,1
0.03243494696630727,-0.10696470769183648,-0.10827001474694768,0.3212854205528455,0,1,1,1,1
0.03736643800538601,0.10613080647036906,0.1146359633538406,-0.24086724512503008,0,1,1,1,1
0.1137765697664408,0.5583179221384815,0.5389904386589576,-6.0473909626798905,0,1,1,1,1
0.04342005399685325,0.474348248132286,0.4728904235747644,-1.375774070453581,0,1,1,1,1
0.0572897187134018,0.22457145343269405,0.21374750127062137,-2.542881421335772,0,1,1,1,1
0.04658705513538485,0.27853681910417705,0.270530936745129,-2.2452671988662036,0,1,1,1,1
0.02962372556091906,0.05353039354701527,0.04952195497782324,-0.2728514635063326,0,1,1,1,1
0.02540505567140325,-0.1586860447067685,-0.16574999114143024,0.1819836639728535,0,1,1,1,1
0.05164658238857146,-0.01850986160595637,2.4268015012997995e-4,-1.9275493499887133,0,1,1,1,1
-0.01849033042142143,-0.3498830355508517,-0.34776693337839804,2.92258244169176,0,1,1,1,1
0.11087080513887376,-0.32321635421971623,-0.2992281746487552,-4.8880177196756005,0,1,1,1,1
0.01390800855243811,0.17439075923700667,0.17739914153958447,0.28315261971463496,0,1,1,1,1
0.10989004653701616,-0.27941574256557516,-0.24537997114720567,-5.422431811638121,0,1,1,1,1
0.08304254259824902,0.7363666356090868,0.7308593546720814,-4.372836982711386,0,1,1,1,1
0.07213776090369721,0.6140655045339036,0.6064261554496473,-4.246922711878452,0,1,1,1,1
0.14681632791163393,1.6914245660414744,1.6543400585406058,-16.086150576582313,0,1,1,1,1
-0.20441851978367143,-0.376196409633924,-0.33340541506103594,10.165940748115569,0,1,1,1,1
0.00246327459388139,-0.2492860099401128,-0.26812913403267646,0.11500863838061998,0,1,1,1,1
-0.02448587761575493,-0.3281201975941165,-0.11924359075854996,1.3698844352698163,0,1,1,1,1
0.3167122232550852,-1.0636470754156222,-1.0128552097074623,-14.624550031419473,0,1,1,1,1
-0.20858216022555667,-0.01735730018222736,-0.00856106619380603,7.213752816141052,0,1,1,1,1
0.17335765396105732,-0.46584001919643053,-0.4476295567016624,-5.651221026456339,0,1,1,1,1
0.24903783873982047,1.335452850122457,1.3162540157060951,-9.479351742032089,0,1,1,1,1
-0.11494576386928768,-0.10961461840399378,-0.10725658061514876,3.626617797234556,0,1,1,1,1
0.05130975265447998,-0.1501101527679736,-0.14401826591166406,-1.9364367176567143,0,1,1,1,1
-0.05153858256374674,-0.20763264002318849,-0.20486315473059308,0.9729055202916164,0,1,1,1,1
0.02102013657635613,0.03360550586739021,0.03746662174199622,-1.1126679470247065,0,1,1,1,1
0.01104761423767939,-0.01616255450217557,-0.01611259184971063,-0.8427016166079021,0,1,1,1,1
-0.08263861238153564,-0.3858684543682508,-0.380882758716427,1.816961236970795,0,1,1,1,1
0.28984173526311746,-0.47986090069631865,-0.4510167937147545,-8.624772670717402,0,1,1,1,1
-0.2488007954609187,-0.4898593459893727,-0.4819507868617777,5.783672486933079,0,1,1,1,1
0.3463904040451487,-0.5867826158203129,-0.5599478474389046,-8.570230492745088,0,1,1,1,1
-0.3879451292375544,-0.9056426220733682,-0.8964341931468588,7.701918235550388,1,1,1,1,1
-0.19887791731511212,0.05130560952738633,0.0377130033234152,3.9891329025402897,1,1,1,1,1
-0.3250105907025543,0.40150104301216016,0.3782570103665463,7.141080254918816,1,1,1,1,1
-0.15890355943652013,0.17333055678951842,0.16118951203411205,3.5763709282784313,0,1,1,1,1
-0.02317232722630906,0.07334488002661019,0.07188487227864448,0.37570488704092514,0,1,1,1,1
0.03015562665627322,0.07096312530476934,0.07424780658709886,-1.0050335847326817,0,1,1,1,1
0.08553987939009555,0.20058455937617511,0.1981409749613283,-2.428234323417558,0,1,1,1,1
0.24304437312966212,0.8137897387240881,0.8027051955087737,-6.410739372166898,0,1,1,1,1
-0.20570467486165345,-0.49347665429143184,-0.6738663622676451,4.714677841981732,0,1,1,1,1
0.2170248585039546,-0.31877169602730315,-0.16695422728592746,-5.545707555195666,0,1,1,1,1
0.05248810786863519,0.3349280407804163,0.3305357650217198,-1.6830691836457288,0,1,1,1,1
-0.0958025673063224,-0.37919431094621353,-0.3744668756808373,1.960847139494578,0,1,1,1,1
-0.13437411833829518,0.25885325691220756,0.2491272515171452,3.005690743241318,0,1,1,1,1
-0.00889071694311625,0.0574833326373507,0.02962835608539538,0.13449901127171163,0,1,1,1,1
-0.12713998858330286,-0.6411731369733019,0.15344443144116093,3.174869832306447,0,1,1,1,1
-0.01485247108996375,0.05953922976648527,0.05865576754129398,0.26007816949878193,0,1,1,1,1
-0.30700819787658035,0.7760094103133707,0.4589893908120888,8.701137699193092,0,1,1,1,1
0.08844359355292344,0.06431296846262252,0.05691010825758996,-2.409755158338216,0,1,1,1,1
0.08061464281235077,0.27460665059009703,0.37827684926124433,-2.2195732387904523,0,1,1,1,1
-0.00819000166943564,-0.07735804155761541,-0.08172178271588747,0.24906613076046935,0,1,1,1,1
0.05347931711328747,-0.07915244439120044,-0.07228146696681215,-1.5037877361936072,0,1,1,1,1
0.08680378075014678,0.4901795356391176,0.48427764820935615,-3.337922207716411,0,1,1,1,1
-0.03854673980751058,-0.24525890723886137,-0.24815764604457136,1.5544354435160108,0,1,1,1,1
-0.19250462334844465,0.676119645816165,0.4475715211808178,7.905349006795983,0,1,1,1,1
0.09695038010711432,-0.060406549093757,-0.06519026049610516,-3.259190100226955,0,1,1,1,1
0.1349531441315224,0.656963986378801,0.8584584192764849,-5.161623964432695,0,1,1,1,1
0.03898636715687423,0.20787819661025103,0.2339646333712198,-1.038970385652353,0,1,1,1,1
0.01911177781520623,0.0148276276978002,0.00835386836108048,-0.3924138448494536,0,1,1,1,1
-0.00832208883292045,-0.1821476026044042,0.03524131042734502,0.5228770072626122,0,1,1,1,1
-0.4218244820462856,0.8653128827733223,0.8487338917438993,16.101845624746584,0,1,1,1,1
0.11397661728844184,-0.1117321093585609,-0.13228632530098905,-3.3863280762012526,0,1,1,1,1
-0.12052362270016834,-0.6445763608649949,-0.6468115476566829,4.3802622668680495,0,1,1,1,1
0.01499103588636174,0.0813780538739402,0.0786603801811534,0.2195390559157156,0,1,1,1,1
0.08004856772858406,-0.06246836716588554,-0.05500197752976726,-1.8816271798134596,0,1,1,1,1
-0.3001947239766454,-1.2781598075524143,-1.593671804167018,10.1890816048792,0,1,1,1,1
-0.1862290824851464,0.44019417625911594,0.44101978651441653,8.785192508016662,0,1,1,1,1
0.29909282467158593,-0.6207539302883497,-0.5874083113365847,-8.987212778351598,0,1,1,1,1
0.1177430453370652,0.6359657799439269,0.6164531836905955,-3.49829911395055,0,1,1,1,1
0.1532048127072584,0.5499477043668892,0.5333964667324121,-4.936624630992567,0,1,1,1,1
-0.04396397812323506,-0.19197499250108976,-0.2685600603528383,2.60601066768972,0,1,1,1,1
-0.27509696124232974,0.6202219262405043,0.5773751012900004,12.289084505919394,0,1,1,1,1
-0.02383815556192474,-0.2404197866953413,-0.243913266581121,2.342027413354893,0,1,1,1,1
-0.1256387333109523,0.48859145329411063,0.4631165968617641,7.661804678187277,0,1,1,1,1
-0.01262031246564785,0.1266794435087029,0.12270334382453509,2.456709746341348,0,1,1,1,1
0.128405077527377,-0.15495743689284425,-0.14279093471015258,-4.27415483885371,0,1,1,1,1
0.1465346943342607,0.8070343793580004,0.7828956638438701,-6.868100487105511,0,1,1,1,1
0.10157590941234836,1.081288883485286,1.0248872817071404,-9.924682375375909,0,1,1,1,1
-0.01059956926458989,0.05079108640328772,0.04949060174753977,3.751073321907953,0,1,1,1,1
0.01525731393381691,0.11650627006196734,0.11208216112837438,1.3834212734106022,0,1,1,1,1
0.02424262191857755,0.12634972611419554,0.10329757848578902,0.782017670098778,0,1,1,1,1
0.05332601640228257,-0.03980578878435975,-0.06931570747933496,-1.9666317213573223,0,1,1,1,1
0.02992042513318871,0.03169471254131215,0.03472883423526784,-0.29835924610833825,0,1,1,1,1
0.04510185157738904,0.07753124319707515,0.07885828075007231,-1.8090945656599344,0,1,1,1,1
0.03701245515405561,0.09824190211347716,0.09828930082425263,-1.2245050958019272,0,1,1,1,1
-0.01486314446426663,-0.33813302741450846,-0.3223980193047742,3.1331516854181585,0,1,1,1,1
0.06010330336932899,-0.1646308781785758,-0.155989978484966,-3.235873830871472,0,1,1,1,1
-0.02224667890543044,-0.26817344282189004,-0.25634417583293456,3.335326847328848,0,1,1,1,1
0.03432214089895055,-0.00470297685887884,-0.00357994804503328,-0.6982572008147866,0,1,1,1,1
-0.07432227114652602,-0.7353135796888393,-0.7064835662001911,6.865914874772523,0,1,1,1,1
0.03767218025171559,-0.04267168530472449,-0.03575287832305313,-0.7504725599805856,0,1,1,1,1
0.12282886140606948,0.5907951859950028,0.5746604162581774,-6.7706087927267316,0,1,1,1,1
-0.01503398913618088,-0.03548308876208467,-0.06162282301260458,2.6053577846708573,0,1,1,1,1
-0.05180995094222157,0.3915748651558433,0.37285799743142967,5.391103228023531,0,1,1,1,1
0.09912052538281704,-0.3037374714571545,-0.286646809833631,-4.799385525411711,0,1,1,1,1
-0.00707243763839878,-0.04628363404395969,-0.04157370725886694,2.0438667680722378,0,1,1,1,1
0.06017156354626024,-0.06582829671422091,-0.06028423812389201,-2.240717224927544,0,1,1,1,1
-0.01067121058519761,-0.17442505919269488,-0.1662502967924851,1.757857764810809,0,1,1,1,1
0.0143523277760932,0.09380931031100873,0.09111777436192076,0.28999536988039093,0,1,1,1,1
-0.03808230977529627,0.3067133209037981,0.29238080065239885,3.3225647594239507,0,1,1,1,1
-0.04868456019147327,0.3008929281143316,0.2856320159850594,4.384263783221863,0,1,1,1,1
-0.00403619554074993,0.13578659915968894,0.129474603399939,1.946964159419602,0,1,1,1,1
0.03686835807750167,0.06591529929854426,0.06629252278536651,-0.35118561784735103,0,1,1,1,1
0.04560874643277973,-0.00622006742538401,-0.00642828919063425,-0.9721685026588648,0,1,1,1,1
-0.05084627835343307,-0.588056911132022,-0.5676860878054873,5.1071244906365445,0,1,1,1,1
0.07300706523371511,-0.17607284780862448,-0.166717379044373,-2.65086065324348,0,1,1,1,1
0.01712986354186398,-0.03962416353458484,-0.0362696080695078,0.6908490384254666,0,1,1,1,1
0.03410754226327132,0.0991536277127616,0.0971168138516728,-0.258509409858475,0,1,1,1,1
-9.33120542051781e-4,-0.2977888188552568,-0.28687870367973817,1.8803972899775023,0,1,1,1,1
0.06821667079005111,-0.02661005139118064,-0.02278021764064424,-1.7941532099955677,0,1,1,1,1
-0.2000696823558358,-1.2789974988400532,-1.2377517005709753,11.548153867495053,0,1,1,1,1
0.14515911825895722,-0.4366503054658396,-0.4182444438745413,-4.316087714397544,0,1,1,1,1
0.22697890872935828,1.1697922964517091,1.1385363845477658,-9.058998218731755,0,1,1,1,1
-0.00842233009428169,0.15837985054335765,0.15966521249452614,1.9991973955108155,0,1,1,1,1
0.00742739670469202,0.1523524474975692,0.14668504554860906,1.3675426789346752,0,1,1,1,1
-0.00713042587180685,0.34643610508531497,0.33418056494290016,3.4212765239100205,0,1,1,1,1
0.04745925384899431,-0.16754251532720915,-0.1616135935552679,-1.7377350809778285,0,1,1,1,1
0.00277159624998741,-0.2625001587498273,-0.25269612864049507,2.3918666077721995,0,1,1,1,1
-0.01937054837294563,0.35593337270672293,0.33962084551294314,4.696446003650368,0,1,1,1,1
0.01501587544647539,-0.00557908634662623,-0.01170685325486264,1.9253579028091132,0,1,1,1,1
0.03788730434606244,0.05753809449830066,0.05795814820868067,-0.22909517699985377,0,1,1,1,1
0.06431119839019217,0.18100382229795112,0.17374375092180144,-2.6337695854770105,0,1,1,1,1
0.02935554230497634,0.05859029070306655,0.05845758795773333,-0.15710923033997992,0,1,1,1,1
0.03037145064727664,-0.09116330833324678,-0.0893267546688958,-0.07864726633638851,0,1,1,1,1
0.05038236039949356,0.090142113694781,0.08531635655773648,-1.90633255372439,0,1,1,1,1
0.00199446009517668,-0.1875094480126857,-0.1803001200258787,1.6700189320737993,0,1,1,1,1
0.03292319004294904,0.04130110749062576,0.04279418845654309,-0.6329135005155812,0,1,1,1,1
0.03239293710925292,-0.01340460938884358,-0.0137186873282597,-0.6369448322666817,0,1,1,1,1
-0.00651246225162731,-0.34031814865076265,-0.3292172580105642,2.445881298403375,0,1,1,1,1
0.04091020507038474,-0.04220053724161957,-0.03871531396088631,-1.0971896903192868,0,1,1,1,1
0.02843800528093927,-0.01721680926681808,-0.01702136916458371,-0.39478930202143,0,1,1,1,1
0.02923083968778402,-0.03844123778580485,-0.03822606843199752,-0.5553366117617934,0,1,1,1,1
0.03501807535993379,0.02168421838949728,0.0199259606851426,-1.0395935341593232,0,1,1,1,1
0.0453216408770777,0.13692618608878315,0.13159968344890766,-1.86617991806401,0,1,1,1,1
0.01408475626250757,-0.06963754907489518,-0.06745834276756048,0.40866423987028794,0,1,1,1,1
0.03309474431596659,0.07846379925907765,0.0827638304206745,-1.3136477895839331,0,1,1,1,1
0.04762714469357967,0.21571328827932088,0.20760330857529471,-2.5105921123686685,0,1,1,1,1
-0.00601676594326864,-0.17464945694543216,-0.16791282675372943,1.680711828210557,0,1,1,1,1
0.03919213990877231,-0.04675586775102271,-0.0405014842264894,-1.850347151783584,0,1,1,1,1
-0.00207252541863043,-0.17784758426567887,-0.17204983346785696,1.349092973096352,0,1,1,1,1
0.09577898583251088,-0.29438299239890614,-0.27381597296551374,-5.774977989803032,0,1,1,1,1
0.03297806569701803,0.3655065128509934,0.3579613650200739,-1.6100526665265655,0,1,1,1,1
0.01453078984667892,-0.04142325861722439,-0.04162780701006555,-0.1805054723720205,0,1,1,1,1
-0.00453475131244803,-0.22674633568307945,-0.2229977998992964,0.720075122789538,0,1,1,1,1
-0.03277978590574705,0.3254073552128818,0.31600980214153646,2.5676487997962134,0,1,1,1,1
-0.00343616812257814,0.0831168141206785,0.07997246104698325,0.8703275156593536,0,1,1,1,1
0.00198429225667936,0.17280598183325083,0.17079303561843434,0.5185837085488939,0,1,1,1,1
0.08089551193612693,-0.17633554633299656,-0.15834909293413674,-4.9480057271937925,0,1,1,1,1
-0.05310087582345186,-0.30153514324186154,-0.2860894820967535,4.082199450114089,0,1,1,1,1
0.02237323637660256,-0.12551156765958532,-0.12284421175980914,-0.6980831182313243,0,1,1,1,1
-0.00963611661421172,-0.23246332508373077,-0.22762440415298685,1.1319232794812586,0,1,1,1,1
-0.02812946466536477,0.26499197538029234,0.25690675404024377,2.2261193258253344,0,1,1,1,1
-0.06714427789837392,0.3643229447690079,0.3461974152710786,4.874984234883731,0,1,1,1,1
0.06079606356595601,-0.2862934801238277,-0.27706509910868704,-2.449102000126367,0,1,1,1,1
0.02501720223929063,0.05246948546150368,0.05029410841000692,-0.500418057436879,0,1,1,1,1
0.0188962598479303,-0.09891030601263875,-0.09884498047355449,-0.08364701578728684,0,1,1,1,1
-0.02321978908525454,-0.3981779395178103,-0.3874918490657642,2.479465864901574,0,1,1,1,1
-0.07616468001639456,0.3798819532075242,0.3585257332110292,5.711306130364304,0,1,1,1,1
-0.04910371121039332,0.06532386535958229,0.04992832829608651,4.153107229417597,0,1,1,1,1
-0.00525529109670961,0.01922461207423614,0.01358059330088867,1.5413149172006575,0,1,1,1,1
-0.01223842657195563,0.24308699769068265,0.2354308466580172,2.0901661846492887,0,1,1,1,1
0.04955913155024924,-0.04997897969822779,-0.04295207230709316,-1.8719049087555089,0,1,1,1,1
-0.0027156542350723,-0.1952578269210919,-0.188946717542731,1.5146340694862306,0,1,1,1,1
0.02294258592141479,0.10841091499148885,0.10836685508309651,0,0,1,1,1,1
0.02445494062516584,-0.1145213644737311,-0.11410852567233085,-0.14326649485201634,0,1,1,1,1
0.00558264221343405,-0.24644835498955311,-0.2410702925980956,1.1404257549157863,0,1,1,1,1
0.00996427882453182,0.20789114359115168,0.2040780168216339,1.0574649136950416,0,1,1,1,1
0.02694550069079944,0.14854123264745658,0.14879501407187024,0,0,1,1,1,1
0.02645495375685671,-0.13463331141973667,-0.13411802107987583,0,0,1,1,1,1
0.0160415545464887,-0.18595004483437244,-0.18247709025151743,0.5594420198343466,0,1,1,1,1
-0.00672027449603104,0.32689997578335717,0.3185226017544405,2.275175697310269,0,1,1,1,1
0.02008326042889502,0.1190735511235761,0.11651674853856436,0.7470323409106476,0,1,1,1,1
0.02581378942744833,0.2043247042288512,0.2029210115625556,0.4724949730610825,0,1,1,1,1
0.06153946564439848,0.08164398627589181,0.08859727815977303,-1.7663502772694368,0,1,1,1,1
0.07755361663461126,0.28925109449777553,0.27751418033413133,-2.920930877213019,0,1,1,1,1
0.00748247644809257,-0.08568859546176408,-0.08130586680387339,1.1228188089848798,0,1,1,1,1
0.03856365788682413,0.1090929152683521,0.04407155716647576,-0.4896826856187452,0,1,1,1,1
-0.04913111408724192,-0.5279710821695678,0.28962853520987886,3.986782279132074,0,1,1,1,1
-0.0538255337079289,0.145671735046251,0.14475046742038278,4.544739943054788,0,1,1,1,1
0.05566749714641111,-0.13862802737034025,-0.13452631249621624,-1.4267427506740644,0,1,1,1,1
-0.16447851692099877,-1.473720676232234,-1.4744587374073697,9.99901445494313,0,1,1,1,1
0.12876537623569165,-0.3863998481140205,-0.39484194341276857,-4.286801845678395,0,1,1,1,1
-0.00947958024979677,-0.18896866460209505,-0.1755094235430088,1.712580076741976,0,1,1,1,1
-0.06855431670960822,0.2270122479661911,0.23846481437862577,4.505800697874455,0,1,1,1,1
0.04427746043818599,-0.0477476517227291,-0.04805528194237646,-0.46484685785654933,0,1,1,1,1
0.11352376562711287,-0.01636100855443272,-0.02617940221476133,-3.7381985329450416,0,1,1,1,1
0.00932368606437067,-0.09741367000385388,-0.08325347437188782,0.9028048090993702,0,1,1,1,1
-0.04799030224796529,0.2282298226589794,0.22169716114432805,3.5896763827230767,0,1,1,1,1
-0.00885272769202614,0.0720659032221646,0.07196959110082768,2.0595693689028067,0,1,1,1,1
0.07267327302141906,-0.02582886090622081,-0.02658298063415527,-1.7133485967746411,0,1,1,1,1
0.03360916766864041,-0.12264034492444977,-0.09691476505422313,0.05758710296730168,0,1,1,1,1
0.02783425666944431,0.136208997478656,0.13024501848776177,0.3448279271749763,0,1,1,1,1
-0.00156215608467614,0.185072564904154,0.17882590131578352,1.8192656371777136,0,1,1,1,1
-0.04662249747618553,0.222584927091319,0.2178042411875647,4.0303550333747875,0,1,1,1,1
0.10136723706973232,-0.12641418397041115,-0.1227123004905208,-2.687301826190998,0,1,1,1,1
0.0378412278114868,-0.03864734769103051,-0.03526548273265234,0.11111112425034152,0,1,1,1,1
0.07787076456770059,0.05267618475501864,0.04966326142488606,-1.8493102028005648,0,1,1,1,1
0.02906348348376787,-0.13860224346065594,-0.11285832081879416,0.22598880022308915,0,1,1,1,1
1.7468617629985e-4,0.17324552258581924,0.1789404483747526,1.6788306968463518,0,1,1,1,1
0.04493637506847034,0.044262191747946,0.04429709013770488,-0.3892137247621324,0,1,1,1,1
-0.03378155586959616,0.2471959567340311,0.2566569704562084,3.126111430543739,0,1,1,1,1
0.08880365474835461,-0.08649687853993392,-0.0917723215767023,-2.349192982909993,0,1,1,1,1
-0.02015713474477805,-0.3879175603408884,-0.3579289839105293,2.2411432678704024,0,1,1,1,1
-0.00140575195432283,0.10160107807586796,0.1059065603302558,1.661791125974335,0,1,1,1,1
0.12273530692287787,-0.05119327511066628,-0.05923194793389003,-3.626919861618031,0,1,1,1,1
0.03249604891844479,0.04516305772927909,0.01006924765354966,0.22026440385057663,0,1,1,1,1
0.19858182834690827,-0.08545000387753184,-0.09956688016040616,-6.5932965606340295,0,1,1,1,1
-0.06834156050013698,-0.3916374478887598,-0.38708985687320335,3.861038501706672,0,1,1,1,1
0.09729316172153486,-0.05785946294078917,-0.06261286304669465,-2.22930066517271,0,1,1,1,1
0.0844216679695505,0.1602147364615513,0.1748994658446244,-1.8670320601906771,0,1,1,1,1
-0.0323639502071698,-0.43419954743837946,-0.4011654703618015,2.155632547497909,0,1,1,1,1
0.02323079017795437,0.06044284071006085,0.06184509347302885,0.28776998718812274,0,1,1,1,1
0.06143183000679821,0.17688389291646778,0.09515628674333508,-1.0398707259727338,0,1,1,1,1
-0.01582209110207438,-0.2574279446528185,-0.3709744894263872,1.6700647313783503,0,1,1,1,1
0.05332484848979205,0.05672525077158551,0.05664797067682173,-0.6301940054056149,0,1,1,1,1
0.0438902004660584,0.14530316271901808,0.14724557596285273,-0.34542349212375756,0,1,1,1,1
0.06988302561113516,0.10831509007376204,0.1078253817162138,-1.3352883410458043,0,1,1,1,1
-0.00837810292226906,-0.3691352497960272,-0.3340668706291224,1.3929418459814389,0,1,1,1,1
0.051053983134684,0.06571650054085315,0.0657638032785573,-0.6940455838654951,0,1,1,1,1
0.1001002001481962,0.08860086444283313,0.09933940278693323,-2.408339599630196,0,1,1,1,1
-0.02673121707980467,-0.3953204010948675,-0.36579383114104386,1.942951905773613,0,1,1,1,1
-0.20634031049662405,0.4830984908199802,0.3142189864118181,8.314725223866064,0,1,1,1,1
0.03512152052984873,-0.2754753787401518,-0.16280247515206292,-0.10787487499842906,0,1,1,1,1
0.10325275013247248,0.19083714451071015,0.06510644275237178,-2.513793566241111,0,1,1,1,1
0.03153685401715898,-0.01699828327983109,-0.06249379016887448,-0.05535566121009402,0,1,1,1,1
-0.00691562709215447,-0.24564810878295892,0.1746711657172999,1.265491439833296,0,1,1,1,1
0.11206930196630138,0.03512675085585026,0.00228514930320528,-2.82802323277946,0,1,1,1,1
0.01930573269083543,-0.05308333826089853,-0.1015925438477413,0.3368897046765925,0,1,1,1,1
0.15660439436319415,0.03065913371667448,-0.00849481522849565,-4.4120590331468765,0,1,1,1,1
0.03239271477742193,0.05706697255906344,0.04653812957681372,-0.234604211825902,0,1,1,1,1
0.03764142012459342,-0.05724506502035124,0.12586283140761514,-0.4118864287073225,0,1,1,1,1
0.03485046790134966,-0.06687966578315718,-0.06899367359858329,-0.29524674978647747,0,1,1,1,1
1.3737455044351976e-4,-0.2120536875363315,-0.20848394626703387,0.9417373903196904,0,1,1,1,1
0.09503189595912516,0.08365249093292947,0.09408492904580588,-2.3711840030961664,0,1,1,1,1
-0.05003848174409146,-0.34065401155532793,-0.33018482026509366,2.546776672314804,0,1,1,1,1
0.0379162070681988,0.05471994755710455,0.05697698215565908,-0.4689340336430859,0,1,1,1,1
0.10503162775948084,0.22274142594079335,0.07181232888594574,-2.800302134763697,0,1,1,1,1
0.1257703038304738,0.3851452177127532,0.4436623183140731,-3.692727257265555,0,1,1,1,1
-0.00902623837257074,-0.12251627322109124,-0.17487210616202586,0.9981367900864976,0,1,1,1,1
0.00884210375983019,0.20451965108387324,0.10792514048490344,0.3717476443503775,0,1,1,1,1
-0.03087830175803455,0.3268366171167299,0.1879957085164674,2.020270732913233,0,1,1,1,1
-0.00777659925672238,0.17112030117744537,0.09623905885748583,1.2048338509738463,0,1,1,1,1
0.00835527005512494,0.2067084808783387,0.11274996482420883,0.6565228022267238,0,1,1,1,1
-0.0426331690131298,0.34344246263857037,0.20452834525807417,2.6417738205165966,0,1,1,1,1
0.06648715919347517,0.00425921945385807,-0.01581957153851768,-1.4590279224450509,0,1,1,1,1
0.06311650815542462,0.0924211286673652,0.06659968139831036,-1.4806311330084174,0,1,1,1,1
0.05578572099024354,0.05792382546628475,0.02557234294047969,-1.140126367500604,0,1,1,1,1
-0.00640901436208198,-0.22635238964956367,-0.33130895220525974,1.19977444527346,0,1,1,1,1
-0.01563677130543562,0.24247627143937767,0.1393867876156637,1.4797547286426291,0,1,1,1,1
-0.0168747860310108,0.2269159424893279,0.1315203487666834,1.5160640204361773,0,1,1,1,1
0.11239379575443063,0.00280187563198516,-0.02893915963669116,-3.174869831652776,0,1,1,1,1
-0.03619138339335975,-0.27243178367977056,-0.3669568076892693,2.1862022840733157,0,1,1,1,1
-0.03033043648629073,0.19678154918483692,0.11767061782531774,2.024946251196378,0,1,1,1,1
0.07485269789879337,0.03764830277753583,0.00183672756683096,-1.7331456312154911,0,1,1,1,1
-0.01654699115665243,-0.24042803299980664,-0.3383258818208529,1.5611765442500762,0,1,1,1,1
0.11771473755483276,0.01218814386866874,-0.0211019875115947,-3.0879237607895265,0,1,1,1,1
0.07993185740396597,0.20079295814585335,0.21724589112107556,-1.9116472236920377,0,1,1,1,1
-0.13596050125477763,-0.9178497302801254,-0.9175055570962708,5.457499664397403,0,1,1,1,1
0.02866534398793228,-0.12734360777554007,-0.07838781536531103,-0.1142857260641258,0,1,1,1,1
-0.04931679356581385,0.22717150324375943,0.2188128995329056,2.540356757131324,0,1,1,1,1
0.10648949603802448,-0.03690010112614564,-0.04261057152018932,-2.654773250895063,0,1,1,1,1
-0.04680322392098708,-0.3174616238355259,-0.4218909390144672,2.3756773415018215,0,1,1,1,1
0.01521393999393777,0.11133575340658285,0.0582173831174167,0.33482173943629007,0,1,1,1,1
-0.02170016243648262,0.29613174773296547,0.16396137529834445,1.5478473782362197,0,1,1,1,1
-0.0867159700763396,0.32331845665469605,0.1973383357668821,3.7679376482261113,0,1,1,1,1
-0.16876117623143028,0.342798433438422,0.314730527981264,6.790053363499417,0,1,1,1,1
0.00177896251486105,-0.12924502920711306,-0.13404004265082214,0.884526651521827,0,1,1,1,1
0.07871048151010536,0.10988286588692678,0.11840216857303956,-1.8267602524892,0,1,1,1,1
0.06403205904115869,0.10184319265584224,0.0952959440606098,-1.3544225134455696,0,1,1,1,1
0.00933399037660595,-0.16353302606789924,-0.1614370959853584,0.6544196539097524,0,1,1,1,1
0.08895370459264426,0.10811583357113576,0.11805155301293398,-2.1811668635030568,0,1,1,1,1
0.07657508329557418,0.170648922519967,0.16215196394248366,-1.81117499463986,0,1,1,1,1
0.08418086510981879,0.19192937917216968,0.1829544623367902,-2.0042865022490965,0,1,1,1,1
0.2162537175599424,0.7745863122657093,0.7435154237148103,-6.8916765094581525,0,1,1,1,1
-0.01093159007177458,-0.05787511049557734,-0.05319692046893784,1.304243039711043,0,1,1,1,1
-0.05689338746894999,0.31911135597016665,0.30800167688652047,2.9422050108791247,0,1,1,1,1
-0.03188147321590436,0.1675227521585994,0.15941979961322678,2.0574629387627534,0,1,1,1,1
0.07511003556053279,0.02347191204200083,0.0314525143966768,-1.8388836180232455,0,1,1,1,1
-0.03555456872130747,-0.32826389065893574,-0.3199379062930798,2.159911179202413,0,1,1,1,1
0.01191906479468848,0.1352316398542522,0.13435976260282212,0.4264398817522914,0,1,1,1,1
0.07781055429443774,0.12897978129556276,0.13845164615505542,-1.9334651707937232,0,1,1,1,1
-0.02704566256390607,-0.2833091706651813,-0.2764396196072545,1.827025565829649,0,1,1,1,1
-0.02708625099148278,0.2275145636052895,0.2211131880920697,1.8465309675413024,0,1,1,1,1
0.10605103274999864,-0.01488093585962768,-0.0020790957008053,-2.9296369514960836,0,1,1,1,1
0.00322842501800809,-0.11112023699898466,-0.10883409581681916,0.7539077171960893,0,1,1,1,1
0.00520157936046987,0.24119675580830607,0.24004032351462065,0.6950041371496358,0,1,1,1,1
-0.02381104871843857,0.2953811250370105,0.2900582952290754,1.7428484404267204,0,1,1,1,1
0.07670637795226495,0.03720054316078987,0.04588332732484646,-1.9028058207943632,0,1,1,1,1
0.01171885951124163,-0.09685187067247927,-0.09652925598521753,0.3196593001388994,0,1,1,1,1
-0.00574450624209516,0.27831647311948177,0.2758935799495123,1.005565499460557,0,1,1,1,1
0.04277857487416274,0.15744397086898165,0.1607973477860982,-0.5279843325661898,0,1,1,1,1
0.07493391500245333,0.10419581251585952,0.09598389895112092,-1.7085306130383024,0,1,1,1,1
0.08445244484663166,0.1964150885885142,0.1860131858440384,-2.122528659552605,0,1,1,1,1
-0.024840823423586,-0.2455340340577521,-0.2395982561417322,1.582570542685523,0,1,1,1,1
0.06365842815977737,0.08952029787585294,0.09595239414564412,-1.307920547796801,0,1,1,1,1
-0.02188859993046898,-0.2800843944618696,-0.2743923311838544,1.5782640492475737,0,1,1,1,1
0.02986239707008083,0.1472650232973466,0.1489183925185714,-0.10804971255673967,0,1,1,1,1
0.01342469144328376,-0.17583148430452866,-0.1751990597277526,0.37766432797304705,0,1,1,1,1
0.07628383134991307,0.15283094425277316,0.1608641922173817,-1.6834500211333605,0,1,1,1,1
0.03234488063853835,-0.03087245983877459,-0.03328079000587496,-0.32912810591273206,0,1,1,1,1
0.12256720526806464,0.28791830330459894,0.2728577615107365,-3.2954671585752813,0,1,1,1,1
-0.05448352440200955,-0.34403448867581443,-0.33883965551655976,2.7445015759330493,0,1,1,1,1
0.06200705403423155,0.00612910240436845,0.0075906069409776,-1.3348362837952894,0,1,1,1,1
0.04763237138414884,0.01644923750721277,0.01478391808286894,-0.843412361889431,0,1,1,1,1
-0.02468862212587612,-0.30605730850631224,-0.30266992470909737,1.624230606560744,0,1,1,1,1
-0.01528906676689232,0.21717726213530725,0.21290387305706815,1.3245226764449314,0,1,1,1,1
0.09354447343611862,0.05793114636583173,0.06013881244696597,-2.3856887307550783,0,1,1,1,1
0.12164528219900536,0.3735205314429061,0.36669629543722326,-3.368859831265577,0,1,1,1,1
0.1126929419322354,0.3917247566755399,0.384826303602624,-3.306086225480426,0,1,1,1,1
-0.04196883955006317,-0.2826481562680922,-0.27868248684860375,2.1378486367695753,0,1,1,1,1
-0.04697378787135797,0.22083868277290963,0.21535114176175024,2.2081083089076405,0,1,1,1,1
0.0639858630499785,0.02812859900706432,0.02957500088156804,-1.5638893855909313,0,1,1,1,1
0.11764004958693194,0.34459387532025415,0.3378371052416572,-3.4445210560080937,0,1,1,1,1
0.02042783342233124,0.00603624978512934,0.00549035264204059,-0.120918998098725,0,1,1,1,1
0.1167203574565554,0.28731282004369035,0.2804968144406585,-3.5091319833715597,0,1,1,1,1
-0.03198915803896465,-0.1993382488147903,-0.19669111525349875,1.4925650233069296,0,1,1,1,1
0.03846170751581497,0.11037734098459608,0.11001565648516416,-0.8679533718445076,0,1,1,1,1
0.0981020483045844,0.24387995545882105,0.2382004498975283,-2.90607943063317,0,1,1,1,1
-0.03539019060513105,-0.22976719920724056,-0.22695845924495328,1.5267472147941443,0,1,1,1,1
-0.01969469289590689,0.1964667578740687,0.19267628494321415,1.005033584300776,0,1,1,1,1
0.020507676255972,0.16697870730869993,0.1651990656721736,-0.31298930178834383,0,1,1,1,1
-0.08202913598856454,-0.5268650581056272,-0.5204656149018813,3.147436606899723,0,1,1,1,1
0.02363488903432914,0.02318394341673785,0.02308138844421883,-0.3042290155501005,0,1,1,1,1
0.01663687511643115,-0.12318986103807011,-0.12330387148387262,-0.12195123370297122,0,1,1,1,1
0.00635317231456276,-0.16733149079665202,-0.16689067065532082,0.18287112230708208,0,1,1,1,1
0.00442403101226742,0.2733017160784647,0.26435680000868467,0.3647420492670338,0,1,1,1,1
-0.0530800511981608,0.3561978762658434,0.34908235886528777,2.2796428106741216,0,1,1,1,1
-0.00226484018961453,0.1378033470546789,0.1352297613616696,0.6503126653907754,0,1,1,1,1
0.09377705999012728,0.10065465726367465,0.10258151157749162,-2.506097741951213,0,1,1,1,1
0.03947359431490223,0.0417366449913741,0.04013258467410895,-0.7277169781880157,0,1,1,1,1
0.07772465081887135,0.13884053765435464,0.13476841684483715,-2.0910971014350586,0,1,1,1,1
-0.02268022315501014,-0.2262436469270258,-0.22374560665401771,1.2967146806285808,0,1,1,1,1
0.0763583778260346,0.07548040782971083,0.07697374508860971,-1.9827167517742288,0,1,1,1,1
0.14954096141728734,0.5007307686057617,0.4915117089676618,-4.610291446639563,0,1,1,1,1
0.05585827259951868,0.2103625979117556,0.20685281939376335,-1.518682207947007,0,1,1,1,1
0.01641482952634595,-0.07431759720585482,-0.07455137024338301,-0.13315581094277634,0,1,1,1,1
-0.05609185283090914,-0.44440559174692207,-0.4393677276646064,2.4351318418671912,0,1,1,1,1
-0.04163943573959763,0.1816270561320326,0.17680129352763813,1.9318050832529603,0,1,1,1,1
-0.04106120056896034,0.22084048570020504,0.215568536608853,1.957751193959488,0,1,1,1,1
-0.02049561062448961,0.1843850716320007,0.18045674530524505,1.2430240814346218,0,1,1,1,1
0.06346649834391538,0.07561972100926975,0.07672090439273999,-1.8074658423848635,0,1,1,1,1
-0.02294361418211512,-0.23938459005394727,-0.2367867329339355,1.3121087960628717,0,1,1,1,1
0.03179403213223548,0.13071365074037788,0.12980805957766572,-0.6851474994403153,0,1,1,1,1
0.10823000092495688,0.30472253076421796,0.29800637369283267,-3.4979718863246996,0,1,1,1,1
0.17945616550730434,0.7652290381454923,0.7514794066402368,-6.691458876507117,0,1,1,1,1
0.06489627970651662,0.3682694550306887,0.36272731505787514,-2.4519617243918086,0,1,1,1,1
-0.00137272339077408,-0.09822971942283248,-0.09782027751495244,0.2849004840949736,0,1,1,1,1
0.04098953148086727,0.15893422094300466,0.1587209157353809,-1.4326892650764185,0,1,1,1,1
-0.08558329095373046,-0.5296151870205088,-0.5221899134875956,3.7526527168542905,0,1,1,1,1
-0.0202762551310939,0.05018087897828149,0.04766596469201006,1.2431099269703347,0,1,1,1,1
0.09180554158482412,0.00709431469111972,0.01111453034703921,-3.2789822794631993,0,1,1,1,1
0.02660406865340124,0.05683440106549058,0.05481982550385839,-0.8547060625936265,0,1,1,1,1
-0.00630174967723054,-0.19437462372647177,-0.19313826531342063,0.6417134374671896,0,1,1,1,1
0.04379708078669612,0.14240231872729722,0.1424242542245048,-1.4316636829569924,0,1,1,1,1
0.07753082078776902,0.20004570781065872,0.24012162894537448,-2.703854887518478,0,1,1,1,1
-0.10129056107337492,-0.5447778625554014,-0.7136832597300489,4.490254663263409,0,1,1,1,1
-0.02993011853769443,0.02962184853729399,0.0398222588417102,1.963597452884851,0,1,1,1,1
0.07830496970007639,0.01229195825805992,0.01513775642349848,-2.3183335456727865,0,1,1,1,1
-0.05203709991160937,-0.34345781762900207,-0.45405885741798013,2.5957262330908675,0,1,1,1,1
-0.0014418771317301,0.10185738079738824,0.09927612141925746,0.6901338619537396,0,1,1,1,1
0.05691484109610856,0.14403755894374232,0.14439165986361044,-1.5944878560099307,0,1,1,1,1
0.06916171188175296,0.14484576553809747,0.14010967227065058,-2.190126395975222,0,1,1,1,1
-0.07824531420525327,-0.3370837303196661,-0.12027466051774482,3.302021107264888,0,1,1,1,1
-0.00273857337875685,0.04483487752559934,0.00957194966804753,1.167996785412813,0,1,1,1,1
0.02917241054694879,0.17120982603806167,-0.00223826839489471,-0.0683293499058829,0,1,1,1,1
-0.05104242847860126,-0.29523932693507277,-0.11079023098066798,3.0295147594177085,0,1,1,1,1
0.06109054563853042,-0.00353862880161878,0.06887558461497356,-1.3351333202853342,0,1,1,1,1
0.08188416022096236,9.518845842801243e-4,0.00499040837239128,-2.2427035789161964,0,1,1,1,1
-0.06524501453802282,-0.34189237366974123,0.5608781301479867,3.4451228788046464,0,1,1,1,1
0.07652778762141406,-0.06552291957626494,0.07010375298431626,-2.012140320667046,0,1,1,1,1
-0.05381213373726064,-0.3043242401814533,-0.10822853305332523,2.937460865872469,0,1,1,1,1
-0.03703034903869537,0.10006373977860164,-0.04126362299783537,2.340809089364716,0,1,1,1,1
0.05187620989130193,0.05553396487772388,0.04125547775699578,-0.968686938849572,0,1,1,1,1
0.04866119185453278,0.01686804682875357,0.01688524507156131,-0.716382097898026,0,1,1,1,1
0.04063662818094955,0.00201187770763489,0.00269330391328905,-0.5242475948880746,0,1,1,1,1
0.07387592493057427,0.12397080396479222,0.1214732736643522,-1.9907757665749064,0,1,1,1,1
0.05829203432942657,0.07468880369787673,0.02245946196784887,-1.5535604612451286,0,1,1,1,1
0.05934377582713816,0.07649428100834316,0.02349550832171376,-1.5089449496421816,0,1,1,1,1
-0.05637896081242648,-0.3331505828690875,-0.10372856523054665,3.597266041922137,0,1,1,1,1
0.01030972383101088,-0.02809445126785814,-0.02064901034080568,0.6644542767010857,0,1,1,1,1
0.01172364336987398,0.2103356379284115,-0.02171447826219141,0.3965636381163304,0,1,1,1,1
0.02296441987363223,0.21805105216280077,-0.00799026020399829,-0.1320132200872514,0,1,1,1,1
0.0290752837271047,-0.00514907639627573,-0.00179595760702944,-0.3970885417276719,0,1,1,1,1
-0.08813673181699314,-0.35889980038357105,-0.12306414342550244,4.029134978431277,0,1,1,1,1
0.02981763994949955,-0.0978808020544458,-5.636295068143227e-4,-0.3189795424225139,0,1,1,1,1
0.04364940891890313,0.03646881593149723,0.01465505929805721,-0.7053572025168987,0,1,1,1,1
0.07757170609800641,0.14203632704811492,0.05219208241047557,-2.080699250954287,0,1,1,1,1
-0.01033379753796891,-0.1417117097097343,-0.04086767729636009,1.1757157017422353,0,1,1,1,1
0.01657067052409897,0.15119798998460032,-0.0137354911077836,0.1297858711597971,0,1,1,1,1
-0.01142196501828552,-0.11235335471121408,-0.03975866784638771,1.1605546084752156,0,1,1,1,1
0.08548315516659745,0.08838685659536354,0.0577455441988004,-2.4003747342247115,0,1,1,1,1
0.08490531167188556,0.16037537594105986,0.06000170833647333,-2.5267301649820957,0,1,1,1,1
0.15678672883460812,0.3884962423414519,0.1565886513539636,-5.6089466621614035,0,1,1,1,1
-0.08313188975380945,-0.38415650071153834,0.00649671544251351,3.636764413146039,0,1,1,1,1
0.08685033477641924,-0.11980543664216232,-0.11430135464346108,-2.6445521655652775,0,1,1,1,1
-0.04168334027256164,-0.2296975837673066,-0.22480922353065091,1.6783610773534137,0,1,1,1,1
0.02174328764773325,0.10138787905634768,0.09851148871763696,-0.4169568223854592,0,1,1,1,1
-0.02045943911211144,-0.124554322284073,-0.11829791974432848,0.9702085776585512,0,1,1,1,1
0.07552171397953093,0.12150480694340376,0.12136216794745938,-2.161115826045125,0,1,1,1,1
-0.01346604888881236,-0.13712037838235566,-0.13413707899330768,0.6322465720217504,0,1,1,1,1
-0.07179708737955394,0.2616270209601636,0.2503922928361485,2.489755161757668,0,1,1,1,1
-0.096239691861041,0.13700081724634314,0.12680100498081665,3.490287171326737,0,1,1,1,1
0.01013076933161477,-0.03666060774864088,-0.03714315771634862,-0.0659848256823603,0,1,1,1,1
-0.10695178361503982,-0.3746733191685254,-0.3614013512109844,3.8204711050123312,0,1,1,1,1
0.08431792674884113,-0.11215792428454884,-0.10688473894082497,-2.3787685431707506,0,1,1,1,1
-0.02645092810028166,-0.19122794192139575,-0.18736836517697592,1.1643081038952428,0,1,1,1,1
0.09615254569710474,0.09875879978024968,0.10023500732620036,-2.738111080842615,0,1,1,1,1
-0.07494165608111633,-0.3340107720241613,-0.3272075069216369,2.6094109347714056,0,1,1,1,1
-0.06604245572963358,0.10908016326081812,0.1014881218849254,2.4174205180947492,0,1,1,1,1
0.01702710989798094,0.06151542044541774,0.05942778609827499,-0.1887386524940854,0,1,1,1,1
0.07001734928055088,0.12651464852780947,0.12622296842371028,-1.8524962867163175,0,1,1,1,1
-0.08781760268775692,-0.3520225088092655,-0.342765612411265,3.110374510248219,0,1,1,1,1
0.00607046631176521,0.01705397840062583,0.01504358362403328,0.3120127311229696,0,1,1,1,1
0.09633756338295688,0.18434641214249367,0.18358949541803432,-2.459915898466223,0,1,1,1,1
0.03826851614832086,-0.01209643667246039,-0.01283272635562733,-0.7692345680170474,0,1,1,1,1
0.0333893067245398,0.00804755942456163,0.00987575957081332,-0.6455800291212296,0,1,1,1,1
-0.05252871667848503,-0.2268038341216023,-0.21855489777045764,1.987882067361717,0,1,1,1,1
0.00354943406928687,0.10754526479439608,0.10351175076481524,0.3169574735879167,0,1,1,1,1
-0.00705143596258529,0.25490815947919443,0.24719186233764395,0.6309169207583493,0,1,1,1,1
8.721151195476024e-4,0.2233429468991268,0.21672239735892496,0.37664827911028825,0,1,1,1,1
-0.02316881189811889,0.2653491518745294,0.25648446799987956,1.1834457654578918,0,1,1,1,1
0.01792886882684665,0.16635973207428512,0.16168961437212348,-0.06193868473661864,0,1,1,1,1
0.0284324486606127,0.00824705395021597,0.01199846603291886,-0.3724399086705504,0,1,1,1,1
0.02711243671474221,-0.00710930469357034,-0.00379379459451202,-0.3114297104398294,0,1,1,1,1
0.12683539585446718,0.2708614211329201,0.26661653945329084,-3.4913098506641633,0,1,1,1,1
0.08034078108720491,0.07553129405260306,0.0702213297488312,-2.08884879009327,0,1,1,1,1
-0.08515962858446252,-0.3502728525345968,-0.34111491037907904,3.1810536757034686,0,1,1,1,1
0.04080011133946765,-0.01662380185229922,-0.01609666833247002,-0.7697279816601642,0,1,1,1,1
-0.11315897675682476,-0.40859750831576624,-0.3955854162688597,4.100227446512796,0,1,1,1,1
0.01087346500042241,-0.06102303039770052,-0.06129611891304409,0.30854698714581336,0,1,1,1,1
-0.02771434070936348,0.2954589704812254,0.2857528750775902,1.5286143020687253,0,1,1,1,1
-0.00567196711399002,0.17889800567270875,0.1727316425472079,0.9060768712635124,0,1,1,1,1
-0.09168424590859103,0.301890994672141,0.2882312665898408,3.776259892930919,0,1,1,1,1
-0.0576136444030288,0.03993290202601973,0.03356412228241778,2.797784539243536,0,1,1,1,1
-0.06455321443496423,0.14950153389967474,0.14039410852889828,3.268083693668139,0,1,1,1,1
0.05902772725587671,0.0022317642632198,0.00315858996884246,-0.8757581922698691,0,1,1,1,1
0.03491864965485385,-0.04194428181535774,-0.03926516987441149,-0.11001101583337589,0,1,1,1,1
0.02466475281611505,-0.05619555018205102,-0.0517826149745601,0.21990113476822443,0,1,1,1,1
-0.0333200851718795,0.34581518989827237,0.33418327389588887,2.226537812010452,0,1,1,1,1
0.03968860957405486,0.11154245422499276,0.10901438677884624,-0.1612470113638458,0,1,1,1,1
0.04285037857616881,-0.00645243655538181,-0.00337347687564432,-0.3232761432205452,0,1,1,1,1
0.09322082474875897,0.12052970443304468,0.11947115125661356,-1.9068951562488592,0,1,1,1,1
0.03139584149207686,-0.07620778439446368,-0.07462771716011096,0,0,1,1,1,1
-0.05229465153789743,-0.22795404519748255,-0.21877549877543,2.17636446292399,0,1,1,1,1
0.06107121164795701,0.09920980073496297,0.09843825170475544,-0.973506875920833,0,1,1,1,1
0.06448783639591502,0.03996222021404519,0.04007680794019477,-1.092907055674288,0,1,1,1,1
0.17122817048182778,0.2949593038280182,0.28739759594897374,-4.15090436610731,0,1,1,1,1
0.06411241784123806,-0.01611976558553822,-0.02016294656815241,-1.2100406919755289,0,1,1,1,1
0.13343076851739546,0.20121103891359615,0.19562568649912868,-3.2403424035928827,0,1,1,1,1
-0.06455803894504203,-0.31715803453150493,-0.3113498632476125,2.425436843236703,0,1,1,1,1
-0.1710612395625722,0.17028403352789717,0.15470423930042732,5.680118400276257,0,1,1,1,1
-0.05154582883786202,-0.1523879550698094,-0.1545413690019048,2.400551716723909,0,1,1,1,1
0.08821270544804098,0.07410892007639006,0.07494626653128209,-1.5209418664165797,0,1,1,1,1
0.01421708785789511,-0.10469402851284426,-0.10149269541801276,0.4914014796638344,0,1,1,1,1
0.03336133468590777,0.27261388862879593,0.26655335542456815,0,0,1,1,1,1
0.03383809059934341,-0.03225001487078181,-0.028284485415580492,0,0,1,1,1,1
0.01234832982429904,-0.09258521856245612,-0.08685243962867287,0.7055660216952259,0,1,1,1,1
0.02929412246696103,0.2554340022685372,0.2492655118624587,0.21609949141635695,0,1,1,1,1
0.11846523150107222,0.24698261483825404,0.24585423046991087,-2.4031740898711145,0,1,1,1,1
0.03081948777350596,-0.08407466679096588,-0.08277111339912445,0.1104972467883485,0,1,1,1,1
0.07518339336341545,0.06934669805745754,0.08131864605205322,-1.1663559034852842,0,1,1,1,1
-0.0268710652883981,-0.21300439376392696,-0.20605581690368735,1.8816271796139263,0,1,1,1,1
0.1086410178514427,0.12717208161296328,0.12816379662936567,-1.9375087140707232,0,1,1,1,1
-0.08207279595222468,-0.36786629964198697,-0.3579781006474564,3.4609331713163582,0,1,1,1,1
-0.02062241663320235,0.04966409158584273,0.04466183467287132,1.8722130176777132,0,1,1,1,1
-0.08926503186725511,0.2318926213547698,0.2190981591368415,4.1012755307838145,0,1,1,1,1
0.07312208300385539,-0.05781994088057995,-0.05536791727451068,-0.8684601171789721,0,1,1,1,1
0.00827776566644453,-0.13130000110818346,-0.1262756406085351,0.9701378110506124,0,1,1,1,1
0.01459371518225954,0.25940742224989555,0.25247480710170533,0.8097210188397381,0,1,1,1,1
0.08713083858068038,0.2373754764024013,0.23484316755307424,-1.2170535606088784,0,1,1,1,1
0.05745863651861603,-0.01125295647336564,-0.00990708357273162,-0.4089985229174858,0,1,1,1,1
-0.01884697400148988,-0.18822094428513508,-0.18040800445182625,1.8274620221869944,0,1,1,1,1
-0.08021804519668627,0.2287026553760851,0.2166140400758882,3.703212586194976,0,1,1,1,1
0.03766082100120327,-0.00146457853292647,-0.00227236798771682,0.24301348375722984,0,1,1,1,1
-0.01051298556421579,0.33429480038470744,0.3238890684075217,1.7324783683103646,0,1,1,1,1
0.12721440663455327,0.11967636201944218,0.12156747486721242,-2.4632976992501576,0,1,1,1,1
0.08668343418466536,0.04977359333186672,0.04737323512451138,-1.3786530504099714,0,1,1,1,1
0.0047725408088665,-0.14522529283006488,-0.1403318742415642,1.0357675852143788,0,1,1,1,1
0.0455497808970838,0.21666081544444404,0.21228015976019132,-0.2456400188694796,0,1,1,1,1
-0.03298612748148362,-0.21432080245859103,-0.20541020746807717,2.09304306911747,0,1,1,1,1
-0.09486799769530456,0.20978105321896628,0.1972952199533914,4.105318167090467,0,1,1,1,1
0.0543884381093104,-0.0501903163342644,-0.04891381956407739,-0.3705423457578575,0,1,1,1,1
0.20984562611034036,0.438355966925779,0.4295186357823903,-5.1904055992306155,0,1,1,1,1
0.15065958138356902,0.16806460958248548,0.15660896242265737,-3.633144052885013,0,1,1,1,1
0.0383866697015349,-0.09410669070295762,-0.09481022491337036,-0.1014198842568073,0,1,1,1,1
-0.05668837949305268,-0.27038077783301645,-0.2589536713199239,2.9987254437792057,0,1,1,1,1
0.0378421326944359,0.04293466019169689,0.04138656873752494,0,0,1,1,1,1
0.09628007880632584,0.13323494687877105,0.1331566452387889,-1.738310469771195,0,1,1,1,1
0.14443760699645658,0.2273520635514299,0.22126353636224316,-3.1554780893177465,0,1,1,1,1
0.02621947112906271,-0.11691566978589343,-0.11529021224357032,0.6185586724386649,0,1,1,1,1
0.02106507831376366,0.27874827473168207,0.27114525095873726,0.8188377420598362,0,1,1,1,1
0.08277853803983351,0.2246503783473425,0.22187836475191505,-1.1276388078639734,0,1,1,1,1
0.47188195736947663,1.5969406083874391,1.5878461266509387,-13.914357693923746,0,1,1,1,1
-0.05497614440481602,-0.45926456481461375,-0.79939321625342,2.63096145693629,0,1,1,1,1
0.12327302380699752,0.01981161900351297,-0.03132277340003475,-2.571737287279423,0,1,1,1,1
0.12436856027977362,0.28606222685299343,0.28715197565825284,-2.7004341200634383,0,1,1,1,1
-0.08538742032997101,-0.40214369497667346,-0.3958752972037459,3.1729689620559896,0,1,1,1,1
0.00606329086507221,0.02735454285353461,-6.312348250779587e-4,0.7046417871727337,0,1,1,1,1
0.13382730595792292,0.0364103030336556,0.03739870449919708,-2.728520391574686,0,1,1,1,1
0.00929644884932899,-0.09921124671687188,-0.0946643111168051,0.7189965056425769,0,1,1,1,1
-0.00104640394399599,0.10570783082522545,0.10122308198468433,1.009809593871842,0,1,1,1,1
-0.01100390190465977,0.10213957347372243,0.09749570139189628,1.3501819430131896,0,1,1,1,1
0.00984294253663011,0.0800969720298122,0.07663408484270681,0.870832783536672,0,1,1,1,1
0.1384318442382702,0.03631781224137184,0.03732359096861981,-2.5762548895275046,0,1,1,1,1
0.0239481424031375,-0.04529485409707326,0.6508950419328954,0.4733736643746722,0,1,1,1,1
0.1787385358703994,0.01032966171838424,0.01334775409514033,-4.1584780500676155,0,1,1,1,1
0.02867028115995249,-0.10922931107241422,-0.1080337259518706,0.12300124850551984,0,1,1,1,1
0.06694224361054249,0.08357108647662921,0.08140799235049784,-0.9882724028783174,0,1,1,1,1
-0.10231185676718714,-0.4042359366666832,-0.39343947948917135,4.13432739068493,0,1,1,1,1
-0.00924578495988311,-0.03382092567996778,-0.03467534228607008,1.478005033687619,0,1,1,1,1
0.18719924950157177,-0.07731799865097404,-0.07189872909973305,-4.808618672564712,0,1,1,1,1
-0.11557000893091209,-0.5419972573047209,-0.67327689771007,4.396974456123042,0,1,1,1,1
0.01045627051949332,-0.11854073606529449,-0.08917960465684188,0.6461109120434723,0,1,1,1,1
0.02446481405244695,0.11044578579228977,0.1068490220422742,0.23391823499510345,0,1,1,1,1
0.24887984117252843,-0.05342113262063844,-0.04673694736366474,-6.765864850550901,0,1,1,1,1
0.12269698468087524,0.09922050564855868,0.0925005245744664,-3.1748698304259895,0,1,1,1,1
-0.11599765337702998,-0.6048075625593238,-0.5980952491246625,4.602135758770626,0,1,1,1,1
0.07027258496927107,-0.17086246355522727,-0.1666701644829781,-1.3647854531430208,0,1,1,1,1
0.101597574225283,0.35051393169338246,0.35475660387568736,-2.4661382580339435,0,1,1,1,1
1.7515050750753144e-4,-0.10280037406014704,-0.09800470300436684,0.7653098567473499,0,1,1,1,1
-0.02779412067796927,0.13204458946770342,0.12631834837034817,1.70082840128658,0,1,1,1,1
-0.03676935416299359,0.09266037550871062,0.08772179006070759,2.0402562443427152,0,1,1,1,1
0.01306272310558,0.02228255206652454,0.02041738752753988,0.36652454245804766,0,1,1,1,1
0.02641987615773059,0.1040911328289686,0.10082306196343883,-0.12202564348035903,0,1,1,1,1
0.08691771941229899,0.06645470442255433,0.06570788990909432,-2.1599111790087964,0,1,1,1,1
0.07363739871208143,0.21034602751366913,0.21343336100299587,-1.762160139069429,0,1,1,1,1
0.11042455975124704,0.4005774437436042,0.4028942729685565,-3.2260862208630963,0,1,1,1,1
-0.02085881880483993,-0.2272989577889113,-0.2237285637918524,1.3029500273170238,0,1,1,1,1
-0.01005558693150312,0.08685872545910867,0.08312229567675836,0.9661910915559796,0,1,1,1,1
0.05680936222185631,0.02563659881600846,0.02503512320688622,-1.2903404818861874,0,1,1,1,1
-0.04743012246907527,-0.2747125726976713,-0.26702926242588404,2.500931883133681,0,1,1,1,1
0.1436172746532405,-0.1588305231808944,-0.15298422847135018,-4.137629632428416,0,1,1,1,1
0.07633121464240544,0.1601556024699207,0.1595879474479736,-2.067429420621684,0,1,1,1,1
0.05584233817871787,0.1642321098562624,0.1674106769139923,-1.4252022670891764,0,1,1,1,1
0.08889801606967715,0.3337664644775408,0.3368218958728533,-2.631730831737342,0,1,1,1,1
0.13761003792212734,0.5395500790316423,0.5382162572799893,-4.963262419048895,0,1,1,1,1
0.11732878541114118,0.3704197101778765,0.3661346438930242,-4.475528856967294,0,1,1,1,1
0.0527227769439808,0.10045981355314404,0.09870711378132474,-2.1961666998311498,0,1,1,1,1
0.01929253057723422,0.04461850152334823,0.04694614941491749,-0.8761505608525079,0,1,1,1,1
-0.01251048666225009,-0.07459256775002347,-0.06924000793568884,0.6379606912909157,0,1,1,1,1
-0.06097724423389547,0.18119588575300252,0.17408184251077008,2.666824708854829,0,1,1,1,1
-0.10205319234834874,0.15254748731212664,0.1444628113953163,4.687176915818025,0,1,1,1,1
0.06674732985076465,-0.2697049286102869,-0.2633803921520771,-2.6947738460866795,0,1,1,1,1
-0.03320310538931448,-0.25602564001095174,-0.2517397550258154,1.5807630646193682,0,1,1,1,1
-0.12024470689568716,0.24538031928461895,0.23442731363810287,5.661889400857305,0,1,1,1,1
-0.01387507194236893,-0.17492327036638083,-0.17346461104385796,1.053010786160936,0,1,1,1,1
-0.08292183962118241,0.2383398291515953,0.2288847404307749,4.372281101041109,0,1,1,1,1
0.12906999539020736,-0.2994820391170313,-0.289726848299537,-5.073054816501698,0,1,1,1,1
0.01882603754291128,-0.1261965303108863,-0.12722618345666437,-0.4934800291057997,0,1,1,1,1
0.05749587642265933,0.05426775677696707,0.05375509527636185,-2.287447844758025,0,1,1,1,1
-0.06802610291439054,-0.4032266290400945,-0.3961639552559651,3.201981125904354,0,1,1,1,1
-0.10845022861287353,0.12823616981127622,0.11969888266541184,5.384605575406484,0,1,1,1,1
0.13803944399067494,-0.3457081852857788,-0.3344961269521979,-5.174741910506239,0,1,1,1,1
-0.01892981386400524,-0.32795706416838283,-0.3272981578534987,1.319005583217301,0,1,1,1,1
-0.03089588136372488,0.09153908755705256,0.08647890623595343,1.7772169794777963,0,1,1,1,1
-0.03077681255789292,0.07905880109786363,0.0745076502097617,1.8127384592143705,0,1,1,1,1
0.1045267953643454,-0.09186151387163792,-0.08780857739724013,-3.521013689655367,0,1,1,1,1
0.09133810118574656,0.21616070858291772,0.21486978997597345,-2.937274094553368,0,1,1,1,1
0.00509872840504348,-0.12029727006046502,-0.11664359311559352,0.4955762288262193,0,1,1,1,1
0.0274775652890658,0.07940328192455985,0.07693196313545372,-0.4955762288262253,0,1,1,1,1
0.04943821450282471,0.09903883759691848,0.09673814162100595,-1.3576485819568282,0,1,1,1,1
-0.06361096661263445,-0.313721579627674,-0.3043689992905542,3.1163995037789665,0,1,1,1,1
-0.03539592493816419,4.462892260257423e-4,-0.00265061055134288,1.9337619170935227,0,1,1,1,1
0.0668450663908644,-0.0559080380684531,-0.05391597113961671,-2.1431860766164132,0,1,1,1,1
-0.17806357346143345,-0.7802433877900813,-0.7674441747463787,7.145896400912181,0,1,1,1,1
0.13772248266667272,-0.3878181052900953,-0.37603063568163986,-4.117447478909708,0,1,1,1,1
-0.08442180915438631,-0.5079485671498134,-0.5033494953433049,3.333642025514933,0,1,1,1,1
0.15204298321526952,-0.15716867672644114,-0.15015919512080655,-4.287327728866556,0,1,1,1,1
-7.784642941959848e-4,-0.210172816953408,-0.2090987173145144,0.34164707293497204,0,1,1,1,1
0.04425882635088549,0.08251985888681071,0.08062983628973211,-1.0284629593316896,0,1,1,1,1
-0.03846752468543915,-0.13376828366817134,-0.1261811286856982,1.436904642007238,0,1,1,1,1
-0.07296742980746909,0.1000885876089839,0.0939945300255556,2.4825159476278165,0,1,1,1,1
-0.05119201504473136,0.04013537597455746,0.03626369000168387,1.903569127063966,0,1,1,1,1
0.02351715217952045,0.0244216706293551,0.02362445406432134,-0.1952490036963112,0,1,1,1,1
-0.0807367572042233,0.19811134124438495,0.19015169817765723,2.8894466021536185,0,1,1,1,1
-0.06372863754203745,0.03821353118846396,0.03369292539305857,2.5001302195874384,0,1,1,1,1
0.01683469629126574,0.00545602016428531,0.00467035139345323,0.12338064233652658,0,1,1,1,1
-0.00384719345486153,0.13206964648010283,0.12808953351984972,0.7371040779380745,0,1,1,1,1
0.01490625507650566,0.08831724752001208,0.08604529992236615,0.06118079298436729,0,1,1,1,1
-0.00788157474933431,0.13532207178597344,0.13118575188539466,0.7919627128695703,0,1,1,1,1
0.02501324029034532,0.08384091460515487,0.08204269660081046,-0.18220472630370432,0,1,1,1,1
0.1964104007083509,0.01242898671682889,0.01854144675102076,-5.2413742675439625,0,1,1,1,1
0.173119466345407,0.35874078640100443,0.35124939166941466,-5.125957838334709,0,1,1,1,1
5.709932474881763e-4,-0.2712467525772929,-0.2714328050846413,0.4037690530775172,0,1,1,1,1
0.01083326926630738,0.09771368529743411,0.09431339029628474,0.13422820529031135,0,1,1,1,1
0.21807549115866104,-0.07753894639937246,-0.07012285067053492,-6.6552620469784705,0,1,1,1,1
0.07256165918464422,-0.07123067884748313,-0.07630538077506888,-2.173998662758702,0,1,1,1,1
-0.0104078145346344,-0.10731147945626944,-0.10276100927140272,0.6571765138327021,0,1,1,1,1
0.04550387797742497,0.02526179736699945,0.02476352305197771,-1.3924739440559406,0,1,1,1,1
0.15876805608054775,0.661511600678991,0.661455857305158,-5.538009588111121,0,1,1,1,1
-0.2739456901380398,-1.3146007765968513,-1.3093265630309965,8.518964582646207,0,1,1,1,1
-0.08687616593923085,-0.14815130250029596,-0.1469734714752241,3.1726312701590085,0,1,1,1,1
0.05754158788518982,-0.0934678602225178,-0.0907941623705486,-1.6089888894200275,0,1,1,1,1
0.14635952840711725,0.593596171919663,0.5947219200904948,-4.840236912018633,0,1,1,1,1
-0.00979923774519343,-0.22757126913183992,-0.2271474838634255,0.5167970163878948,0,1,1,1,1
-0.01588168129057101,0.08850883069575732,0.08395019779743945,0.8067517114516101,0,1,1,1,1
0.00961055402370197,0.04810992477654226,0.04525763175477776,0,0,1,1,1,1
0.06736944266716015,0.01389026460407669,0.01351463200406583,-2.0787682466566912,0,1,1,1,1
-0.11112989057743514,-0.4612829472428842,-0.452278554665642,4.115202256350364,0,1,1,1,1
-0.00275358608013851,-0.07927458577357907,-0.08246938817487742,0.5026940620884601,0,1,1,1,1
-0.00335695671747006,0.091765616419246,0.08694551207462842,0.8559253382492042,0,1,1,1,1
0.0016644406993481,0.07570730699855625,0.07148628080320922,0.7782140442054949,0,1,1,1,1
0.01493441958260383,0.07099700679930285,0.06785335381973039,0.35174148183377707,0,1,1,1,1
0.01118434907549272,0.09577343331810094,0.09181057185133468,0.5602255516517358,0,1,1,1,1
-0.02790710058367636,0.10693735433751451,0.10102208921631196,1.7993565067396955,0,1,1,1,1
0.02713690702815951,-0.00235249082911308,-0.00355923748192377,-0.13726837867112188,0,1,1,1,1
-0.1921833394409672,0.2215405532870381,0.2075911687685842,5.933096056221572,0,1,1,1,1
-0.08031135809050306,-0.12940481420075806,-0.13178816926347794,3.0595120595345584,0,1,1,1,1
0.00199374899063436,-0.03675190146393353,-0.03814076474268571,0.6881478516252797,0,1,1,1,1
0.04305833496575152,0.04515946999829952,0.04168603679085389,-0.5626773230452885,0,1,1,1,1
-0.02187909753311224,0.14791512655216138,0.1391225030620276,1.2461220460593696,0,1,1,1,1
0.04705409828915987,0.01293813725812607,0.010887612241537,-0.7458083098676214,0,1,1,1,1
-0.1210942973946,-0.3689123936374174,-0.33411314565592626,4.094675285196968,0,1,1,1,1
-0.08710048401144216,-0.02863267022104704,-0.03457302007386342,3.298296622119946,0,1,1,1,1
-0.1252171690852013,0.04033490943846488,0.03280098665660852,4.530786235855073,0,1,1,1,1
-0.04210355986524839,-0.06968245651030122,-0.07350324174237785,1.919444723548423,0,1,1,1,1
0.1433961041287369,-0.0847412095795729,-0.07807486146884579,-3.650847932300417,0,1,1,1,1
-0.00993956011322184,-0.12190192883056508,-0.12076054269847646,0.8415196940570104,0,1,1,1,1
0.0524263571645648,0.01291561863896943,0.01561998437037354,-0.9542592755109186,0,1,1,1,1
0.00384712546220927,0.08350519564449332,0.0840705310989669,0.3940337196277498,0,1,1,1,1
-0.01875284748769352,0.07125783810317579,0.07081135958318138,1.0617590694861467,0,1,1,1,1
0.10897112335532756,-0.03768426143688511,-0.03214477471213439,-2.761516703679768,0,1,1,1,1
-0.05928662356398107,-0.22632427272390224,-0.22207601557850917,2.2041016584986655,0,1,1,1,1
-0.0809188988289784,0.03258602186408774,0.02828835676951008,2.8652097698215364,0,1,1,1,1
-0.02482935469574054,-0.02270814667632877,-0.02469602867569181,1.2952150879169084,0,1,1,1,1
0.03549595979642542,-0.00179270062960412,-1.9774796617105792e-4,-0.4837418751354421,0,1,1,1,1
-0.03111791692042907,0.10149427150549126,0.10072802117317772,1.39114068134306,0,1,1,1,1
0.09564383920249946,-0.04609813217474902,-0.04146990256378147,-2.3657017228639594,0,1,1,1,1
-0.04661292552384635,-0.13900667455388843,-0.135660658302174,1.7260406887959916,0,1,1,1,1
0.05521092511248395,-0.02899066595219501,-0.02649148617849017,-1.1293478416735532,0,1,1,1,1
0.07913286452981912,0.32907702102285796,0.32491790209043964,-1.8559484732945553,0,1,1,1,1
0.01278397271084365,0.08952353454595043,0.08901046963937435,-0.11025359238063638,0,1,1,1,1
0.00468496826025074,0.05593075770433391,0.05716476175553048,0.1653348431679303,0,1,1,1,1
-0.08051265080224276,0.0815137965445328,0.07950641499148695,2.070918696858875,0,1,1,1,1
0.1789512912145287,-0.09320548810791496,-0.08489297165168563,-4.467244006488966,0,1,1,1,1
0.08604906074886996,0.15632174977033675,0.15040248009736074,-2.3396216982831985,0,1,1,1,1
0.05502994147110449,0.18856339657947552,0.1844789639557909,-1.571169941007405,0,1,1,1,1
0.12897947577575097,0.44421647833883215,0.43559660917312176,-3.582472646222897,0,1,1,1,1
0.003476275747701,-0.03041471864187736,-0.03197288249076921,-0.365408451155851,0,1,1,1,1
0.05622803927895536,0.05697248646459771,0.06198606102429105,-1.7231195561145725,0,1,1,1,1
0.15129205733544612,0.5091598052122367,0.49896221540854335,-4.377482908326944,0,1,1,1,1
-0.0966205125688896,-0.36501750519079346,-0.3608891241125425,2.180971634759198,0,1,1,1,1
0.05270693568828667,-0.07871252702083302,-0.07492203938532033,-1.7280430006385312,0,1,1,1,1
-0.02885808599464592,0.00542006879495049,0.00597517512962673,0.322269045145755,0,1,1,1,1
-0.08227982687558831,0.06423452597450267,0.06220587978309627,1.7857617458777453,0,1,1,1,1
0.09915056244909588,-0.07454078345873255,-0.06876454352234207,-2.885740484218285,0,1,1,1,1
-0.00892088267242169,-0.01300950721676358,-0.01368597014294603,-0.13020834933681696,0,1,1,1,1
-0.02361952836448069,0.05773001096391955,0.05864047543008983,0.26024738355273863,0,1,1,1,1
0.01261556900715709,0.02545247137936156,0.02795466203917973,-0.7173164112327377,0,1,1,1,1
-0.2058830644344276,0.159919365841934,0.1265504262345986,4.916406583707291,0,1,1,1,1
0.07776456054481909,-0.21412176032031244,-0.20617024235884773,-2.2048137262517913,0,1,1,1,1
-0.0669836195468498,-0.15476639419233065,-0.1451622896966665,1.3915468062379466,0,1,1,1,1
0.1004746390056038,-0.03316240291667047,-0.0311202485772496,-2.7381525934818565,0,1,1,1,1
0.03230887672030289,0.08598333897611157,0.08904533128906958,-1.10354901100644,0,1,1,1,1
0.04379315955820523,0.2195847097613002,0.2266458779671568,-1.4464420558135636,0,1,1,1,1
-0.11321228984162691,-0.20894038840831933,-0.21527479358752372,2.5499910668200014,0,1,1,1,1
-0.19091033230679355,0.00263300760945435,-0.00585742341685147,4.728268032631338,0,1,1,1,1
0.16360286527507387,-0.21984490660382777,-0.21421481043577065,-4.4059989874855745,0,1,1,1,1
-0.01506290030329626,-0.13874434273579994,-0.14023704864988154,0.12861738521695906,0,1,1,1,1
-0.07126009180467027,0.06561714807578854,0.06890337527088908,1.5939132436134151,0,1,1,1,1
-0.20875620375749063,0.0395416678316769,0.03220875653515381,5.1767565250735235,0,1,1,1,1
-0.03650399595959081,-0.300321884076939,-0.2949278575393822,0.6616565480070126,0,1,1,1,1
-0.0393442883775552,0.00749790972846652,0.06239941926203717,0.47846981638215386,0,1,1,1,1
0.1486009728672092,-0.00143603039396379,0.00451007273802428,-3.645604199400171,0,1,1,1,1
0.02258389814039568,0.02569479917985229,0.0471957880342167,-0.8701111448224323,0,1,1,1,1
-0.05367660141981151,0.04310478611858488,0.02227273649400989,0.870111144822436,0,1,1,1,1
-0.03602525070947831,-0.00736037737172074,-0.02535438735735529,0.4938281682327472,0,1,1,1,1
-0.09429313153769832,0.01739984943562311,-0.01323756744124796,1.8304354817104171,0,1,1,1,1
0.23759303896657624,-0.05700854992868986,-0.02808409207952511,-5.531077261696864,0,1,1,1,1
-0.17591890497390902,-0.430848764189654,-0.4274526958415072,3.4540325252771757,0,1,1,1,1
-0.11088197521873965,-0.12511543549787213,-0.11366436645588893,2.1978906751204876,0,1,1,1,1
0.09984670293680428,-0.27851873896916163,-0.26122722053493697,-2.3832475346212827,0,1,1,1,1
0.20336019988449425,0.2635572676264728,0.26486913346147756,-4.8141024313362895,0,1,1,1,1
-0.24733110648139156,-0.6560701666883731,-0.47490159781021846,4.875926233656579,0,1,1,1,1
-0.14598857029364568,-0.15895991948264349,-0.15215180586577254,2.983478511641597,0,1,1,1,1
-0.04737483326978471,-0.19100623242505715,-0.17835408747915424,0.895795776030069,0,1,1,1,1
-0.5171744286716223,0.03532185868193285,-0.6442215195483957,11.394425940171518,0,1,1,1,1
-0.1879826336315816,-0.28003597899959254,-0.30086612581163763,4.815841229617105,0,1,1,1,1
-0.1441894571429321,-0.01354137330190122,-0.02908303413100449,3.9648404196842337,0,1,1,1,1
-0.17169405791078213,0.05398603614585774,0.03734320410768538,5.068572403592841,0,1,1,1,1
-0.05517752553171898,-0.00475011889658913,-0.01566209868381518,1.966676693701455,0,1,1,1,1
0.09687378943430584,-0.06923602077704222,-0.05924993580406668,-2.476054964787826,0,1,1,1,1
-0.02028544612981715,-0.02812423481925149,-0.03198184112331129,0.8782122515506665,0,1,1,1,1
-0.0983636985968253,0.05698230562328543,0.05573187458430817,3.1259623372616554,0,1,1,1,1
-0.04258935469994455,0.00674971398634066,0.0025764981513197098,1.680711831413574,0,1,1,1,1
-0.01151159210788238,-5.72812182007762e-4,0.00198626998871809,0.742848074309205,0,1,1,1,1
0.0385807850498744,-0.03194617774522972,-0.02233695439299721,-0.8745136589261022,0,1,1,1,1
-0.1636028400198883,-0.3757206285413614,-0.3800700103652768,5.552237168367177,0,1,1,1,1
-0.01255627343832206,-0.02476883178250898,-0.03389057743531021,0.8686714433343403,0,1,1,1,1
-0.01155165597388097,0.01354402821468958,0.01686868649797657,0.8611904768054222,0,1,1,1,1
-0.02606007320809834,0.02494605103937459,0.02689945470493909,1.3384908787735017,0,1,1,1,1
0.07517075648790525,-0.05612233940260421,-0.04564832564604426,-1.9528692218613568,0,1,1,1,1
-0.04049124997620017,-0.06650756016308318,-0.06732138396811094,1.7512155961895488,0,1,1,1,1
-0.0927209040208584,0.08589909321833998,0.07746745221555237,4.035357636504725,0,1,1,1,1
0.20084161979928747,-0.09335559402998932,-0.08163004623435832,-4.683395547737479,0,1,1,1,1
-0.07115901190966516,-0.3110848869432288,-0.30990257357864825,2.6465056989091256,0,1,1,1,1
-0.02349153421264282,0.02100308226435427,0.01831085665115869,1.492565021460965,0,1,1,1,1
0.02723552341670103,0.00201870139897878,0.00617410076990287,0.11689072099807785,0,1,1,1,1
0.0701102580916316,-0.02091363345263763,-0.00961440431005383,-1.0569681495474486,0,1,1,1,1
0.05834789105970842,0.2556083678694913,0.2512498631157138,-0.8695706951633608,0,1,1,1,1
0.04052061856294073,0.22244264159634053,0.21787473038844268,-0.4775178214726215,0,1,1,1,1
-0.068567117135119,0.03021855526488399,0.03302617675836203,2.442989898966005,0,1,1,1,1
-0.01726734049729482,0.00355123263291807,0.00238746044154739,1.161003750313376,0,1,1,1,1
0.11702774865731032,-0.04407513164816272,-0.03175116604274219,-2.4144475040833924,0,1,1,1,1
0.00152610332031865,0.03071962549698553,0.02910179713939811,0.6678476995362882,0,1,1,1,1
0.17175710413979048,-0.060618956309166,-0.0429832220516485,-3.8312746469455887,0,1,1,1,1
0.003813251215737,-0.03319539256294926,-0.03396332562612444,0.4465199211052618,0,1,1,1,1
0.14906685598185976,-0.0440265283788316,-0.02754176100978478,-3.293834200822248,0,1,1,1,1
-0.15159378762191678,-0.41293828310525166,-0.41237614212671103,4.301297893249176,0,1,1,1,1
0.16645699963474048,-0.05714281012162681,-0.05029927075788965,-3.4261099778165347,0,1,1,1,1
0.05342450191210706,0.10482552259453268,0.1027967483376806,-0.7915059004200917,0,1,1,1,1
0.15777679121395094,0.5238204562164519,0.5134845611171176,-3.3598737666220515,0,1,1,1,1
0.01282487121786989,0.00585922941757671,0.00398030456907988,0.08646779360201721,0,1,1,1,1
-0.01555744750839826,0.00764085717553895,0.01506695460216939,0.7748639749789112,0,1,1,1,1
0.01942337944120114,-0.00938392605035257,-0.00154946108124615,-0.08580009286867613,0,1,1,1,1
-0.09369942630509528,0.01102754460856908,0.01502604996881075,2.54250983464625,0,1,1,1,1
0.1476051790008886,-0.04106149633500224,-0.03082856078627582,-3.1451806210113267,0,1,1,1,1
-0.00685182337536393,-0.00952464090796212,-0.01228101769403799,0.3878479345064167,0,1,1,1,1
-0.01192563267115049,-0.01407448019553454,-0.00735734219791406,0.5148016496108037,0,1,1,1,1
0.10337025837459934,-0.03388572164401076,-0.02037998850982103,-2.1189982027832768,0,1,1,1,1
0.06352335888291384,0.227542821309112,0.2241938448886025,-1.2313260226658105,0,1,1,1,1
0.00970391219238152,0.15138571454411878,0.14771138510172854,0,0,1,1,1,1
-0.08965142037344251,-0.00423621872228438,-0.00109054127078547,2.3180569946345644,0,1,1,1,1
-0.01302312072081499,-0.01945744750575288,-0.01830130559487597,0.6055381843405268,0,1,1,1,1
0.09146602969507311,-0.04144275973448775,-0.0285516191682329,-1.915600589197364,0,1,1,1,1
-0.17609191400198562,-0.34076808184708374,-0.3411641494732987,4.34383490899664,0,1,1,1,1
-0.03553768716710354,-0.02233108266807811,-0.02833707547889946,1.1299555264847505,0,1,1,1,1
-0.2690914061059614,0.04691112186159982,0.03403811776453042,6.913157734469659,0,1,1,1,1
0.05066814294195772,-0.00624697564966877,-0.01459046263077235,-0.6623830929220041,0,1,1,1,1
-0.002241331186818,-0.00909361594023604,0.00152904581759612,0.7788201361927223,0,1,1,1,1
0.09848013539231676,-0.02132124353530683,-0.00934493451302254,-1.5637535227989725,0,1,1,1,1
0.06528251897977892,0.2350653852425433,0.230330141040118,-0.8308653164652614,0,1,1,1,1
0.1153914023272082,0.3942555918178865,0.3895063083749806,-2.0470311399531793,0,1,1,1,1
0.0078038987511959,0.0714060828127683,0.0696275264425542,0.6064299968839852,0,1,1,1,1
-0.00745425878626983,-0.01371268466553882,-0.00837400919274891,0.9627029845279884,0,1,1,1,1
-0.03462995739739105,-8.866927464556574e-4,0.00133002376702588,1.662746143227652,0,1,1,1,1
-0.00431704167883308,-0.00192118713704166,-4.82033659153197e-4,0.9378732304177448,0,1,1,1,1
0.07852481674282166,-0.03425836084426259,-0.02495780983116274,-1.1737223948213709,0,1,1,1,1
0.08719846590440368,0.3238971299777909,0.3223476200044914,-1.5067691883609375,0,1,1,1,1
0.01691281161129603,0.12522122949704723,0.12411990260738616,0.2394254919149047,0,1,1,1,1
0.01044043236760275,-0.0273423245386739,-0.02047370346608587,0.3977729987077062,0,1,1,1,1
-0.06081385606389065,2.046321836795396e-4,0.00133173638410157,2.2375810884360883,0,1,1,1,1
-0.0333804476484919,0.01939020099393487,0.01745302265375774,1.617285925664132,0,1,1,1,1
-0.3736820212577835,0.197654898000713,0.16827197649886683,11.463744324513536,0,1,1,1,1
0.06283259922948783,0.11684315435763276,0.09943697938927244,-0.6835296607357616,0,1,1,1,1
-0.07043754802162763,0.00290937907521932,0.00472363972118382,2.873275231805613,0,1,1,1,1
0.183238657496407,-0.0099103907515496,0.00181332057723038,-3.7689064328219937,0,1,1,1,1
0.1407823795581081,0.30992721539619117,0.3081775898177527,-2.842795399395237,0,1,1,1,1
0.11313690184869991,0.2918069416760118,0.28863149005065303,-2.2683240810150824,0,1,1,1,1
0.02522350289710839,0.08439991122929438,0.0812357679881284,0.10919018667865578,0,1,1,1,1
-0.03188922555772659,-0.00682643388527812,-0.00129884913248433,1.659489741295729,0,1,1,1,1
0.00958559207785011,0.00443526332309044,0.00822408486647868,0.5708185304279516,0,1,1,1,1
-0.03070702366708998,-0.00356518661568449,-3.522622113476953e-4,1.5881752556542863,0,1,1,1,1
0.0024390401496813,0.00937100643258349,0.0121762987164829,0.7326040114641197,0,1,1,1,1
0.1026998930787631,-0.05700408076810939,-0.04400431127285925,-2.0011199630594287,0,1,1,1,1
0.1372261181365319,0.420173970084324,0.41766543068983986,-3.0605449082713,0,1,1,1,1
0.01552667644657839,0.03342651728305731,0.03301672756200077,0.18264845264361135,0,1,1,1,1
0.0885265258745528,-0.07874647547585474,-0.06428615216634542,-1.841672679031548,0,1,1,1,1
0.1057105959454723,0.3569072146242065,0.3544140967421965,-2.407941771567069,0,1,1,1,1
-0.01492231932861162,0.0175137521996159,0.01693078389975705,0.6452859750468044,0,1,1,1,1
-0.122007254617123,-0.00553440043642907,-0.00687021735726924,3.604328475551797,0,1,1,1,1
0.00640330432316292,0.0598789383825213,0.05810423275116844,0.3279288798450088,0,1,1,1,1
-0.11573809724925366,-0.00714710631440609,-0.0069711568391237,3.6432600726582423,0,1,1,1,1
0.1173611311757813,0.03447734297871185,0.04018114513356508,-2.4140327385073874,0,1,1,1,1
0.11481771962768078,0.3373328054185746,0.3347234296011586,-2.436927282326187,0,1,1,1,1
-0.04117248499812231,-0.06908702800301098,-0.07030126131462822,1.5708085534534604,0,1,1,1,1
0.07971221842987078,-0.03491347173234565,-0.02464971751170031,-1.4971979531420658,0,1,1,1,1
0.0415438681553827,0.2126063341524521,0.21126327657029423,-0.47944034241879185,0,1,1,1,1
0.2135366212330951,-0.15435389997460158,-0.12868464020864423,-4.808800776127507,0,1,1,1,1
0.20121278505153056,0.4744428022904431,0.4721490796367558,-4.970213925095755,0,1,1,1,1
-0.07753275880668349,-0.3133292585758911,-0.31004281447974175,2.6153170351294386,0,1,1,1,1
0.1765148872642845,-0.06077956240819936,-0.04543301470399197,-4.093783389286226,0,1,1,1,1
-0.03319324123838799,-0.1456797104667295,-0.14224154314009116,1.3152676218509314,0,1,1,1,1
0.2599964286522834,-0.13986956439003162,-0.116063764795038,-6.146715712860041,0,1,1,1,1
-0.13611001986148852,-0.5446626455166341,-0.5437889212359875,3.6662247496479456,0,1,1,1,1
-0.11890026417278736,0.11592082705163476,0.1053621175814601,3.4557120219826785,0,1,1,1,1
0.12436391860800064,0.030742894959568,0.03756530855646212,-2.4146865885723594,0,1,1,1,1
0.0876908909218847,0.2649745659409716,0.26814434820057453,-1.670882649178566,0,1,1,1,1
0.00560597321099886,0.0929051323299553,0.09918081801181176,0.42034530166199424,0,1,1,1,1
-0.03297245802678469,-0.03501085582548429,-0.03412809842703152,1.4161003009411763,0,1,1,1,1
-0.03834534416758307,-2.2093693203863868e-4,-0.0016239958628661,1.6000341366202546,0,1,1,1,1
0.04494462237762502,-0.01797642172889602,-0.0132286255450077,-0.5714301280991944,0,1,1,1,1
0.08459384305031595,-0.10832549611800985,-0.0965910160252278,-1.6925068604747049,0,1,1,1,1
-0.06655747773327117,-0.08084093433118254,-0.07122414080335807,2.3453039548265884,0,1,1,1,1
0.02704855339806823,0.0058225465324436,0.00813873452807056,-0.16280019634197104,0,1,1,1,1
0.21905829776514377,-0.1380827931400395,-0.11608476511852173,-5.4406722218591215,0,1,1,1,1
0.12223622758404692,0.17591085591707362,0.17090209717616228,-3.023231341879453,0,1,1,1,1
0.1580585069529861,0.43352053392306433,0.43129634993072974,-4.317871364921868,0,1,1,1,1
-0.07150625339222876,-0.2834385539125653,-0.2800156608705877,2.522491003262278,0,1,1,1,1
-0.0159309366904199,0.02551898410206943,0.02409874840148962,0.9914457057178612,0,1,1,1,1
-0.06332814289168923,0.01495056363098984,0.01119588606726131,2.4801979900591418,0,1,1,1,1
0.0951046883282666,-0.02747721569783093,-0.01900636848358483,-2.256233730708668,0,1,1,1,1
0.03700571040935474,0.15357554891771774,0.15862166571682315,-0.5833536848094057,0,1,1,1,1
-0.02382262688108109,-0.06245436685447793,-0.05973481377228351,1.2522524998890503,0,1,1,1,1
-0.013532702647006,-0.00932401600862598,-0.00813639996285126,0.9730284642576038,0,1,1,1,1
-0.01600896662965082,-0.01648780313206439,-0.0154665550400101,1.0507977598415164,0,1,1,1,1
0.01629331089572733,-0.03502639136374264,-0.0311767594435961,0.04354452496410713,0,1,1,1,1
0.07650933915270057,-0.10178466255419366,-0.09047488364978724,-1.845395075231939,0,1,1,1,1
0.0396478341212364,0.19704308978265897,0.20272946844602935,-0.7120635338023882,0,1,1,1,1
0.04767881704670373,0.30493620697352397,-0.08372686057599549,-0.942344868844253,0,1,1,1,1
-0.26906075316127204,-0.5917548787572866,-0.6067324757988568,9.005003781628899,0,1,1,1,1
-0.1480786753957025,0.3614103838040136,0.27555697999656054,6.84708289148889,0,1,1,1,1
0.06282611713691891,0.11108269843658432,0.05049140590617562,-1.2388853770349748,0,1,1,1,1
0.02488552254849656,0.2197826209798575,0.1819404175176165,0.19459044863694375,0,1,1,1,1
0.05370066746524271,-0.07792402071548578,-0.02844282277534732,-0.9375068665455932,0,1,1,1,1
0.13903174460901005,0.5878173657387129,-0.1242610535833949,-4.290094629909393,0,1,1,1,1
